-- MySQL dump 10.13  Distrib 5.5.62, for Win64 (AMD64)
--
-- Host: localhost    Database: svsys
-- ------------------------------------------------------
-- Server version	5.5.5-10.4.24-MariaDB

/*!40101 SET @OLD_CHARACTER_SET_CLIENT=@@CHARACTER_SET_CLIENT */;
/*!40101 SET @OLD_CHARACTER_SET_RESULTS=@@CHARACTER_SET_RESULTS */;
/*!40101 SET @OLD_COLLATION_CONNECTION=@@COLLATION_CONNECTION */;
/*!40101 SET NAMES utf8 */;
/*!40103 SET @OLD_TIME_ZONE=@@TIME_ZONE */;
/*!40103 SET TIME_ZONE='+00:00' */;
/*!40014 SET @OLD_UNIQUE_CHECKS=@@UNIQUE_CHECKS, UNIQUE_CHECKS=0 */;
/*!40014 SET @OLD_FOREIGN_KEY_CHECKS=@@FOREIGN_KEY_CHECKS, FOREIGN_KEY_CHECKS=0 */;
/*!40101 SET @OLD_SQL_MODE=@@SQL_MODE, SQL_MODE='NO_AUTO_VALUE_ON_ZERO' */;
/*!40111 SET @OLD_SQL_NOTES=@@SQL_NOTES, SQL_NOTES=0 */;

--
-- Table structure for table `cli_clientes`
--

DROP TABLE IF EXISTS `cli_clientes`;
/*!40101 SET @saved_cs_client     = @@character_set_client */;
/*!40101 SET character_set_client = utf8 */;
CREATE TABLE `cli_clientes` (
  `ID` int(11) NOT NULL AUTO_INCREMENT,
  `CLIENTE_RUC` varchar(20) DEFAULT NULL,
  `CLIENTE_NOMBRE` varchar(500) DEFAULT NULL,
  `CLIENTE_RAZON_SOCIAL` varchar(500) DEFAULT NULL,
  `CLIENTE_PROVINCIA_ID` varchar(10) DEFAULT NULL,
  `CLIENTE_PROVINCIA_NOMBRE` varchar(50) DEFAULT NULL,
  `CLIENTE_CIUDAD` varchar(50) DEFAULT NULL,
  `CLIENTE_DIRECCION` varchar(200) DEFAULT NULL,
  `CLIENTE_DIRECCION_DESPACHO` varchar(500) DEFAULT NULL,
  `CLIENTE_EMAIL` varchar(100) DEFAULT NULL,
  `CLIENTE_TELEFONO` varchar(20) DEFAULT NULL,
  `estado` int(11) DEFAULT 1,
  `creado_por` varchar(20) DEFAULT NULL,
  `fecha_creado` datetime NOT NULL DEFAULT current_timestamp(),
  PRIMARY KEY (`ID`)
) ENGINE=InnoDB AUTO_INCREMENT=20 DEFAULT CHARSET=utf8mb4;
/*!40101 SET character_set_client = @saved_cs_client */;

--
-- Dumping data for table `cli_clientes`
--

LOCK TABLES `cli_clientes` WRITE;
/*!40000 ALTER TABLE `cli_clientes` DISABLE KEYS */;
INSERT INTO `cli_clientes` VALUES (15,'0931531115','CLIENTE 1','JORGE ALVARADO','04','Carchi','Bolívar','aw','wad','awd','awd',1,'JALVARADO','2023-10-16 17:18:59'),(16,'093153111','CLIENTE 2','ADS','01','Azuay','Gualaceo','asd','asd','asd','asd',1,'JALVARADO','2023-10-16 17:30:29'),(17,'0931531116','CLIENTE 3','AWADDW','16','Napo','Tena','awd','awd','awd','awd',1,'JALVARADO','2023-10-16 17:54:38'),(19,'0931531118','CLIENTE 4','ADDDDDDDDDDD','04','Carchi','Espejo','awdddddddd','awdddddddddddddddddddddddddddddd','awd@mail','09123123',1,'JALVARADO','2023-10-16 18:00:30');
/*!40000 ALTER TABLE `cli_clientes` ENABLE KEYS */;
UNLOCK TABLES;

--
-- Table structure for table `clientes`
--

DROP TABLE IF EXISTS `clientes`;
/*!40101 SET @saved_cs_client     = @@character_set_client */;
/*!40101 SET character_set_client = utf8 */;
CREATE TABLE `clientes` (
  `ID` int(11) NOT NULL AUTO_INCREMENT,
  `CLIENTE_RUC` varchar(20) DEFAULT NULL,
  `CLIENTE_NOMBRE` varchar(500) DEFAULT NULL,
  `CLIENTE_RAZON_SOCIAL` varchar(500) DEFAULT NULL,
  `CLIENTE_PROVINCIA_ID` varchar(10) DEFAULT NULL,
  `CLIENTE_PROVINCIA_NOMBRE` varchar(50) DEFAULT NULL,
  `CLIENTE_CIUDAD` varchar(50) DEFAULT NULL,
  `CLIENTE_DIRECCION` varchar(200) DEFAULT NULL,
  `CLIENTE_EMAIL` varchar(100) DEFAULT NULL,
  `CLIENTE_TELEFONO` varchar(20) DEFAULT NULL,
  `estado` int(11) DEFAULT 1,
  `creado_por` varchar(20) DEFAULT NULL,
  `fecha_creado` datetime NOT NULL DEFAULT current_timestamp(),
  PRIMARY KEY (`ID`)
) ENGINE=InnoDB AUTO_INCREMENT=7 DEFAULT CHARSET=utf8mb4;
/*!40101 SET character_set_client = @saved_cs_client */;

--
-- Dumping data for table `clientes`
--

LOCK TABLES `clientes` WRITE;
/*!40000 ALTER TABLE `clientes` DISABLE KEYS */;
INSERT INTO `clientes` VALUES (4,'0931531115','CLIENTE 1','asdasd','17','Orellana','Orellana','asdasd','asdasd','asdasd',1,NULL,'2023-09-24 19:47:30'),(5,'0931531116','CLINETE 2','asdasd','15','Morona Santiago','','','','',1,NULL,'2023-09-24 19:58:04'),(6,'0931531117','qwe','qwe','01','Azuay','Cuenca','qwe','qwe','qwe',1,NULL,'2023-10-16 16:34:47');
/*!40000 ALTER TABLE `clientes` ENABLE KEYS */;
UNLOCK TABLES;

--
-- Table structure for table `gui_destinos`
--

DROP TABLE IF EXISTS `gui_destinos`;
/*!40101 SET @saved_cs_client     = @@character_set_client */;
/*!40101 SET character_set_client = utf8 */;
CREATE TABLE `gui_destinos` (
  `ID` int(11) NOT NULL AUTO_INCREMENT,
  `nombre` varchar(100) DEFAULT NULL,
  `CREADO_POR` int(11) DEFAULT NULL,
  `ESTADO` bit(1) DEFAULT b'1',
  PRIMARY KEY (`ID`)
) ENGINE=InnoDB AUTO_INCREMENT=4 DEFAULT CHARSET=utf8mb4;
/*!40101 SET character_set_client = @saved_cs_client */;

--
-- Dumping data for table `gui_destinos`
--

LOCK TABLES `gui_destinos` WRITE;
/*!40000 ALTER TABLE `gui_destinos` DISABLE KEYS */;
INSERT INTO `gui_destinos` VALUES (1,'MATRIZ',NULL,''),(2,'SUCURSAL',NULL,''),(3,'OBRA',NULL,'');
/*!40000 ALTER TABLE `gui_destinos` ENABLE KEYS */;
UNLOCK TABLES;

--
-- Table structure for table `gui_guias_despachadas`
--

DROP TABLE IF EXISTS `gui_guias_despachadas`;
/*!40101 SET @saved_cs_client     = @@character_set_client */;
/*!40101 SET character_set_client = utf8 */;
CREATE TABLE `gui_guias_despachadas` (
  `ID` int(11) NOT NULL AUTO_INCREMENT,
  `PEDIDO_INTERNO` varchar(20) DEFAULT NULL,
  `CLIENTE_ENTREGA_ID` int(11) DEFAULT NULL,
  `SERVICIO_ID` int(11) DEFAULT NULL,
  `DESTINO_ID` int(11) DEFAULT NULL,
  `FECHA_CREADO` datetime NOT NULL DEFAULT current_timestamp(),
  `CREADO_POR` int(11) DEFAULT NULL,
  `PARCIAL` int(11) DEFAULT NULL,
  `PLACA_CAMBIADA` int(11) DEFAULT NULL,
  `PLACA_CAMBIADA_NUMERO` varchar(20) DEFAULT NULL,
  `despacho_ID` varchar(20) DEFAULT NULL,
  `UBICACION` varchar(1000) DEFAULT NULL,
  `imagen` varchar(100) DEFAULT NULL,
  PRIMARY KEY (`ID`)
) ENGINE=InnoDB AUTO_INCREMENT=163 DEFAULT CHARSET=utf8mb4;
/*!40101 SET character_set_client = @saved_cs_client */;

--
-- Dumping data for table `gui_guias_despachadas`
--

LOCK TABLES `gui_guias_despachadas` WRITE;
/*!40000 ALTER TABLE `gui_guias_despachadas` DISABLE KEYS */;
INSERT INTO `gui_guias_despachadas` VALUES (161,'505545279',15,1,1,'2023-10-29 18:26:29',1,1,0,'','20231030002629','-2.244248,-79.907141','505545279_20231030002629.jpg'),(162,'505545279',15,1,1,'2023-10-29 18:27:06',1,0,0,'','20231030002706','-2.244248,-79.907141','505545279_20231030002706.jpg');
/*!40000 ALTER TABLE `gui_guias_despachadas` ENABLE KEYS */;
UNLOCK TABLES;

--
-- Table structure for table `gui_guias_despachadas_dt`
--

DROP TABLE IF EXISTS `gui_guias_despachadas_dt`;
/*!40101 SET @saved_cs_client     = @@character_set_client */;
/*!40101 SET character_set_client = utf8 */;
CREATE TABLE `gui_guias_despachadas_dt` (
  `ID` int(11) NOT NULL AUTO_INCREMENT,
  `PEDIDO_INTERNO` varchar(20) DEFAULT NULL,
  `CODIGO` varchar(50) DEFAULT NULL,
  `PARCIAL` int(11) DEFAULT NULL,
  `CANTIDAD_PARCIAL` float DEFAULT NULL,
  `despacho_ID` varchar(20) DEFAULT NULL,
  `CANTIDAD_TOTAL` float DEFAULT NULL,
  `NO_ENTREGADA_DESTINO` int(11) DEFAULT NULL,
  PRIMARY KEY (`ID`)
) ENGINE=InnoDB AUTO_INCREMENT=308 DEFAULT CHARSET=utf8mb4;
/*!40101 SET character_set_client = @saved_cs_client */;

--
-- Dumping data for table `gui_guias_despachadas_dt`
--

LOCK TABLES `gui_guias_despachadas_dt` WRITE;
/*!40000 ALTER TABLE `gui_guias_despachadas_dt` DISABLE KEYS */;
INSERT INTO `gui_guias_despachadas_dt` VALUES (306,'505545279','10016416',1,200,'20231030002629',0,0),(307,'505545279','10016416',0,0,'20231030002706',200,0);
/*!40000 ALTER TABLE `gui_guias_despachadas_dt` ENABLE KEYS */;
UNLOCK TABLES;

--
-- Table structure for table `gui_guias_despachadas_estado`
--

DROP TABLE IF EXISTS `gui_guias_despachadas_estado`;
/*!40101 SET @saved_cs_client     = @@character_set_client */;
/*!40101 SET character_set_client = utf8 */;
CREATE TABLE `gui_guias_despachadas_estado` (
  `ID` int(11) NOT NULL AUTO_INCREMENT,
  `PEDIDO_INTERNO` varchar(20) DEFAULT NULL,
  `ESTADO_DESPACHO` int(11) DEFAULT NULL,
  `ESTADO_DESPACHO_TEXTO` varchar(20) DEFAULT NULL,
  `FECHA_CREADO` datetime NOT NULL DEFAULT current_timestamp(),
  `CREADO_POR` int(11) DEFAULT NULL,
  `FECHA_COMPLETADO` datetime DEFAULT NULL,
  PRIMARY KEY (`ID`)
) ENGINE=InnoDB AUTO_INCREMENT=88 DEFAULT CHARSET=utf8mb4;
/*!40101 SET character_set_client = @saved_cs_client */;

--
-- Dumping data for table `gui_guias_despachadas_estado`
--

LOCK TABLES `gui_guias_despachadas_estado` WRITE;
/*!40000 ALTER TABLE `gui_guias_despachadas_estado` DISABLE KEYS */;
INSERT INTO `gui_guias_despachadas_estado` VALUES (85,'505545279',0,'COMPLETO','2023-10-29 18:26:29',1,'2023-10-29 18:27:06'),(86,'505610387',1,'PARCIAL','2023-10-29 18:26:29',1,'2023-10-29 18:27:06'),(87,'505610388',0,'COMPLETO','2023-10-29 18:26:29',1,'2023-10-29 18:27:06');
/*!40000 ALTER TABLE `gui_guias_despachadas_estado` ENABLE KEYS */;
UNLOCK TABLES;

--
-- Table structure for table `gui_guias_facturas`
--

DROP TABLE IF EXISTS `gui_guias_facturas`;
/*!40101 SET @saved_cs_client     = @@character_set_client */;
/*!40101 SET character_set_client = utf8 */;
CREATE TABLE `gui_guias_facturas` (
  `ID` int(11) NOT NULL AUTO_INCREMENT,
  `pedido_interno` varchar(20) DEFAULT NULL,
  `factura_fecha` datetime DEFAULT NULL,
  `factura_secuencia` varchar(20) DEFAULT NULL,
  `factura_nombre` varchar(50) DEFAULT NULL,
  `factura_subtotal_0` float DEFAULT NULL,
  `factura_subtotal_12` float DEFAULT NULL,
  `factura_impuesto` float DEFAULT NULL,
  `factura_total` float DEFAULT NULL,
  `factura_nota` varchar(1000) DEFAULT NULL,
  `fatura_estado` int(11) DEFAULT 1,
  `FECHA_CREADO` datetime NOT NULL DEFAULT current_timestamp(),
  `CREADO_POR` varchar(20) DEFAULT NULL,
  PRIMARY KEY (`ID`)
) ENGINE=InnoDB AUTO_INCREMENT=12 DEFAULT CHARSET=utf8mb4;
/*!40101 SET character_set_client = @saved_cs_client */;

--
-- Dumping data for table `gui_guias_facturas`
--

LOCK TABLES `gui_guias_facturas` WRITE;
/*!40000 ALTER TABLE `gui_guias_facturas` DISABLE KEYS */;
/*!40000 ALTER TABLE `gui_guias_facturas` ENABLE KEYS */;
UNLOCK TABLES;

--
-- Table structure for table `gui_guias_placa`
--

DROP TABLE IF EXISTS `gui_guias_placa`;
/*!40101 SET @saved_cs_client     = @@character_set_client */;
/*!40101 SET character_set_client = utf8 */;
CREATE TABLE `gui_guias_placa` (
  `ID` int(11) NOT NULL AUTO_INCREMENT,
  `pedido_interno` varchar(20) DEFAULT NULL,
  `placa` varchar(20) DEFAULT NULL,
  `FECHA_CREADO` datetime NOT NULL DEFAULT current_timestamp(),
  PRIMARY KEY (`ID`)
) ENGINE=InnoDB AUTO_INCREMENT=74 DEFAULT CHARSET=utf8mb4;
/*!40101 SET character_set_client = @saved_cs_client */;

--
-- Dumping data for table `gui_guias_placa`
--

LOCK TABLES `gui_guias_placa` WRITE;
/*!40000 ALTER TABLE `gui_guias_placa` DISABLE KEYS */;
INSERT INTO `gui_guias_placa` VALUES (37,'505615948','GBO-4396','2023-10-26 20:23:57'),(38,'505610388','GBO-7782','2023-10-26 20:23:57'),(39,'505615953','GBO-4396','2023-10-26 20:23:57'),(40,'505616071','GBO-7782','2023-10-26 20:23:57'),(41,'505615952','GBO-4396','2023-10-26 20:23:57'),(42,'505610387','GBO-7782','2023-10-26 20:23:57'),(43,'505610823','GBO-7782','2023-10-26 20:23:57'),(44,'505605662','GBO-4396','2023-10-26 20:23:57'),(45,'505610384','GBO-7782','2023-10-26 20:23:57'),(46,'505605661','GBO-4396','2023-10-26 20:23:57'),(47,'505610385','GBO-7782','2023-10-26 20:23:57'),(48,'505610822','GBO-7782','2023-10-26 20:23:57'),(49,'505605660','GBO-4396','2023-10-26 20:23:57'),(50,'505596195-120','GBO-7782','2023-10-26 20:23:57'),(51,'505605664','GBO-7782','2023-10-26 20:23:57'),(52,'505596195-110','GBO-7782','2023-10-26 20:23:57'),(53,'505585858','GBO-4396','2023-10-26 20:23:57'),(54,'505605663','GBO-7782','2023-10-26 20:23:57'),(55,'505562596','GBO-7782','2023-10-26 20:40:05'),(56,'505545279','GBO-7782','2023-10-27 08:53:18'),(57,'505615955','GBO-7782','2023-10-29 10:24:41'),(58,'505628697','GBO-4396','2023-10-29 10:24:41'),(59,'505616262','GBO-7782','2023-10-29 10:24:41'),(60,'505615950','GBO-4396','2023-10-29 10:24:41'),(61,'505616070','GBO-7758','2023-10-29 10:24:41'),(62,'505616069','GBO-7758','2023-10-29 10:24:41'),(63,'505615949','GBO-4396','2023-10-29 10:24:41'),(64,'505616263','GBO-7782','2023-10-29 10:24:41'),(65,'505616264','GBO-7782','2023-10-29 10:24:41'),(66,'505616068','GBO-7758','2023-10-29 10:24:41'),(67,'505628699','GBO-7782','2023-10-30 14:17:24'),(68,'505628693','GBO-4396','2023-10-30 14:17:24'),(69,'505629514','GBO-7758','2023-10-30 14:17:24'),(70,'505616072','GBO-7758','2023-10-30 14:17:24'),(71,'505628698','GBO-7782','2023-10-30 14:17:24'),(72,'505631234','KAB-0938','2023-10-30 14:17:24'),(73,'505631233','JBA-2916','2023-10-30 14:17:24');
/*!40000 ALTER TABLE `gui_guias_placa` ENABLE KEYS */;
UNLOCK TABLES;

--
-- Table structure for table `gui_servicios`
--

DROP TABLE IF EXISTS `gui_servicios`;
/*!40101 SET @saved_cs_client     = @@character_set_client */;
/*!40101 SET character_set_client = utf8 */;
CREATE TABLE `gui_servicios` (
  `ID` int(11) NOT NULL AUTO_INCREMENT,
  `nombre` varchar(50) DEFAULT NULL,
  `descripcion` varchar(500) DEFAULT NULL,
  `fecha_creado` datetime NOT NULL DEFAULT current_timestamp(),
  `estado` bit(1) DEFAULT b'1',
  PRIMARY KEY (`ID`)
) ENGINE=InnoDB AUTO_INCREMENT=3 DEFAULT CHARSET=utf8mb4;
/*!40101 SET character_set_client = @saved_cs_client */;

--
-- Dumping data for table `gui_servicios`
--

LOCK TABLES `gui_servicios` WRITE;
/*!40000 ALTER TABLE `gui_servicios` DISABLE KEYS */;
INSERT INTO `gui_servicios` VALUES (1,'CARGA',NULL,'2023-10-01 21:24:27',''),(2,'FLETE',NULL,'2023-10-01 21:24:33','');
/*!40000 ALTER TABLE `gui_servicios` ENABLE KEYS */;
UNLOCK TABLES;

--
-- Table structure for table `guias`
--

DROP TABLE IF EXISTS `guias`;
/*!40101 SET @saved_cs_client     = @@character_set_client */;
/*!40101 SET character_set_client = utf8 */;
CREATE TABLE `guias` (
  `ID` int(11) NOT NULL AUTO_INCREMENT,
  `FECHA_DE_EMISION` varchar(20) DEFAULT NULL,
  `FACTURA` varchar(50) DEFAULT NULL,
  `TELEFONO` varchar(50) DEFAULT NULL,
  `FECHA_VALIDEZ` varchar(20) DEFAULT NULL,
  `CLIENTE` varchar(20) DEFAULT NULL,
  `CLIENTE_RUC` varchar(20) DEFAULT NULL,
  `SOLICITANTE` varchar(100) DEFAULT NULL,
  `DIRECCION_1` varchar(20) DEFAULT NULL,
  `PTO_DE_PARTIDA` varchar(200) DEFAULT NULL,
  `PTO_DE_LLEGADA` varchar(200) DEFAULT NULL,
  `DIRECCION_2` varchar(200) DEFAULT NULL,
  `TIPO_DE_ENTREGA` varchar(200) DEFAULT NULL,
  `PEDIDO_INTERNO` varchar(50) DEFAULT NULL,
  `PED_COMPRA` varchar(100) DEFAULT NULL,
  PRIMARY KEY (`ID`)
) ENGINE=InnoDB AUTO_INCREMENT=568 DEFAULT CHARSET=utf8mb4;
/*!40101 SET character_set_client = @saved_cs_client */;

--
-- Dumping data for table `guias`
--

LOCK TABLES `guias` WRITE;
/*!40000 ALTER TABLE `guias` DISABLE KEYS */;
INSERT INTO `guias` VALUES (397,'14.09.2023','019005-001149811','4-2465649','04.10.2023','6133582 - SALVACERO ','0992681845001','SALVACERO CIA. LTDA.','VENEZUELA #3804 ENTR','EC CEM GUAYAQUIL','GUAYAS - GUAYAQUIL','VENEZUELA #3804 ENTRE LA 12 Y  CALLE','RETIRADO','505420198-090','HF'),(398,'14.09.2023','019005-001149811','4-2465649','04.10.2023','6133582 - SALVACERO ','0992681845001','SALVACERO CIA. LTDA.','VENEZUELA #3804 ENTR','EC CEM GUAYAQUIL','GUAYAS - GUAYAQUIL','VENEZUELA #3804 ENTRE LA 12 Y  CALLE','RETIRADO','505420198-080','HF'),(399,'14.09.2023','019005-001149811','4-2465649','04.10.2023','6133582 - SALVACERO ','0992681845001','SALVACERO CIA. LTDA.','VENEZUELA #3804 ENTR','EC CEM GUAYAQUIL','GUAYAS - GUAYAQUIL','VENEZUELA #3804 ENTRE LA 12 Y  CALLE','RETIRADO','505420198-050','HF'),(400,'14.09.2023','019005-001149811','4-2465649','04.10.2023','6133582 - SALVACERO ','0992681845001','SALVACERO CIA. LTDA.','VENEZUELA #3804 ENTR','EC CEM GUAYAQUIL','GUAYAS - GUAYAQUIL','VENEZUELA #3804 ENTRE LA 12 Y  CALLE','RETIRADO','505420198-260','HF'),(401,'14.09.2023','019005-001149811','4-2465649','04.10.2023','6133582 - SALVACERO ','0992681845001','SALVACERO CIA. LTDA.','VENEZUELA #3804 ENTR','EC CEM GUAYAQUIL','GUAYAS - GUAYAQUIL','VENEZUELA #3804 ENTRE LA 12 Y  CALLE','RETIRADO','505420198-250','HF'),(402,'14.09.2023','019005-001149811','4-2465649','04.10.2023','6133582 - SALVACERO ','0992681845001','SALVACERO CIA. LTDA.','VENEZUELA #3804 ENTR','EC CEM GUAYAQUIL','GUAYAS - GUAYAQUIL','VENEZUELA #3804 ENTRE LA 12 Y  CALLE','RETIRADO','505420198-240','HF'),(403,'14.09.2023','019005-001149811','4-2465649','04.10.2023','6133582 - SALVACERO ','0992681845001','SALVACERO CIA. LTDA.','VENEZUELA #3804 ENTR','EC CEM GUAYAQUIL','GUAYAS - GUAYAQUIL','VENEZUELA #3804 ENTRE LA 12 Y  CALLE','RETIRADO','505420198-230','HF'),(404,'14.09.2023','019005-001149811','4-2465649','04.10.2023','6133582 - SALVACERO ','0992681845001','SALVACERO CIA. LTDA.','VENEZUELA #3804 ENTR','EC CEM GUAYAQUIL','GUAYAS - GUAYAQUIL','VENEZUELA #3804 ENTRE LA 12 Y  CALLE','RETIRADO','505420198-140','HF'),(405,'14.09.2023','019005-001149811','4-2465649','04.10.2023','6133582 - SALVACERO ','0992681845001','SALVACERO CIA. LTDA.','VENEZUELA #3804 ENTR','EC CEM GUAYAQUIL','GUAYAS - GUAYAQUIL','VENEZUELA #3804 ENTRE LA 12 Y  CALLE','RETIRADO','505420198-220','HF'),(406,'14.09.2023','019005-001149811','4-2465649','04.10.2023','6133582 - SALVACERO ','0992681845001','SALVACERO CIA. LTDA.','VENEZUELA #3804 ENTR','EC CEM GUAYAQUIL','GUAYAS - GUAYAQUIL','VENEZUELA #3804 ENTRE LA 12 Y  CALLE','RETIRADO','505420198-210','HF'),(407,'14.09.2023','019005-001149898','4-2465649','04.10.2023','6133582 - SALVACERO ','0992681845001','SALVACERO CIA. LTDA.','VENEZUELA #3804 ENTR','','GUAYAS - GUAYAQUIL','VENEZUELA #3804 ENTRE LA 12 Y  CALLE','ENTREGADO','505420824-010','ANDEC'),(408,'14.09.2023','019005-001149898','4-2465649','04.10.2023','6133582 - SALVACERO ','0992681845001','SALVACERO CIA. LTDA.','VENEZUELA #3804 ENTR','','GUAYAS - GUAYAQUIL','VENEZUELA #3804 ENTRE LA 12 Y  CALLE','ENTREGADO','505420824-030','ANDEC'),(409,'14.09.2023','019005-001149898','4-2465649','04.10.2023','6133582 - SALVACERO ','0992681845001','SALVACERO CIA. LTDA.','VENEZUELA #3804 ENTR','','GUAYAS - GUAYAQUIL','VENEZUELA #3804 ENTRE LA 12 Y  CALLE','ENTREGADO','505420824-020','ANDEC'),(410,'19.10.2023','019-005-001162751','4-2465649','08.11.2023','6133582 - SALVACERO ','0992681845001','SALVACERO CIA. LTDA.','VENEZUELA #3804 ENTR','EC CEM GUAYAQUIL','GUAYAS - GUAYAQUIL','VENEZUELA #3804 ENTRE LA 12 Y  CALLE','RETIRADO','505589142','4583107371'),(411,'19.10.2023','019-005-001162720','4-2465649','08.11.2023','6133582 - SALVACERO ','0992681845001','SALVACERO CIA. LTDA.','VENEZUELA #3804 ENTR','SUMINISTRADOR INTACO','GUAYAS - GUAYAQUIL','VENEZUELA #3804 ENTRE LA 12 Y  CALLE','RETIRADO','505588891','4583107337'),(412,'19.10.2023','019-005-001162539','4-2465649','08.11.2023','6133582 - SALVACERO ','0992681845001','SALVACERO CIA. LTDA.','VENEZUELA #3804 ENTR','EC CEM GUAYAQUIL','GUAYAS - GUAYAQUIL','VENEZUELA #3804 ENTRE LA 12 Y  CALLE','RETIRADO','505585860','4583107136'),(413,'19.10.2023','019-005-001162537','4-2465649','08.11.2023','6133582 - SALVACERO ','0992681845001','SALVACERO CIA. LTDA.','VENEZUELA #3804 ENTR','EC CEM GUAYAQUIL','GUAYAS - GUAYAQUIL','VENEZUELA #3804 ENTRE LA 12 Y  CALLE','RETIRADO','505585859','4583107134'),(414,'19.10.2023','019-005-001162536','4-2465649','08.11.2023','6133582 - SALVACERO ','0992681845001','SALVACERO CIA. LTDA.','VENEZUELA #3804 ENTR','EC CEM GUAYAQUIL','GUAYAS - GUAYAQUIL','VENEZUELA #3804 ENTRE LA 12 Y  CALLE','RETIRADO','505585858','4583107130'),(415,'19.10.2023','019-005-001162535','4-2465649','08.11.2023','6133582 - SALVACERO ','0992681845001','SALVACERO CIA. LTDA.','VENEZUELA #3804 ENTR','EC CEM GUAYAQUIL','GUAYAS - GUAYAQUIL','VENEZUELA #3804 ENTRE LA 12 Y  CALLE','RETIRADO','505585857','4583107129'),(416,'19.10.2023','019-005-001162534','4-2465649','08.11.2023','6133582 - SALVACERO ','0992681845001','SALVACERO CIA. LTDA.','VENEZUELA #3804 ENTR','EC CEM GUAYAQUIL','GUAYAS - GUAYAQUIL','VENEZUELA #3804 ENTRE LA 12 Y  CALLE','RETIRADO','505585856','4583107128'),(417,'19.10.2023','019-005-001162500','4-2465649','08.11.2023','6133582 - SALVACERO ','0992681845001','SALVACERO CIA. LTDA.','VENEZUELA #3804 ENTR','EC CEM GUAYAQUIL','GUAYAS - GUAYAQUIL','VENEZUELA #3804 ENTRE LA 12 Y  CALLE','RETIRADO','505585855','4583107090'),(418,'19.10.2023','019-005-001162499','4-2465649','08.11.2023','6133582 - SALVACERO ','0992681845001','SALVACERO CIA. LTDA.','VENEZUELA #3804 ENTR','EC CEM GUAYAQUIL','GUAYAS - GUAYAQUIL','VENEZUELA #3804 ENTRE LA 12 Y  CALLE','RETIRADO','505585854','4583107089'),(419,'19.10.2023','019-005-001162453','4-2465649','08.11.2023','6133582 - SALVACERO ','0992681845001','SALVACERO CIA. LTDA.','VENEZUELA #3804 ENTR','EC CEM GUAYAQUIL','GUAYAS - GUAYAQUIL','VENEZUELA #3804 ENTRE LA 12 Y  CALLE','RETIRADO','505585555','4583107036'),(420,'17.10.2023','019-005-001161686','4-2465649','06.11.2023','6133582 - SALVACERO ','0992681845001','SALVACERO CIA. LTDA.','VENEZUELA #3804 ENTR','SUMINISTRADOR SIKA','GUAYAS - GUAYAQUIL','VENEZUELA #3804 ENTRE LA 12 Y  CALLE','RETIRADO','505574711','4583106125'),(421,'16.10.2023','019-005-001160715','4-2465649','05.11.2023','6133582 - SALVACERO ','0992681845001','SALVACERO CIA. LTDA.','VENEZUELA #3804 ENTR','SUMINISTRADOR INTACO','GUAYAS - GUAYAQUIL','VENEZUELA #3804 ENTRE LA 12 Y  CALLE','RETIRADO','505567357','4583105432'),(422,'16.10.2023','019-005-001160722','4-2465649','05.11.2023','6133582 - SALVACERO ','0992681845001','SALVACERO CIA. LTDA.','VENEZUELA #3804 ENTR','SUMINISTRADOR INTACO','GUAYAS - GUAYAQUIL','VENEZUELA #3804 ENTRE LA 12 Y  CALLE','RETIRADO','505567339','4583105439'),(423,'14.10.2023','019-005-001160672','4-2465649','03.11.2023','6133582 - SALVACERO ','0992681845001','SALVACERO CIA. LTDA.','VENEZUELA #3804 ENTR','EC CEM GUAYAQUIL','GUAYAS - GUAYAQUIL','VENEZUELA #3804 ENTRE LA 12 Y  CALLE','RETIRADO','505566762','4583105374'),(424,'13.10.2023','019-005-001160541','4-2465649','02.11.2023','6133582 - SALVACERO ','0992681845001','SALVACERO CIA. LTDA.','VENEZUELA #3804 ENTR','EC CEM GUAYAQUIL','GUAYAS - GUAYAQUIL','VENEZUELA #3804 ENTRE LA 12 Y  CALLE','RETIRADO','505563608','4583105216'),(425,'13.10.2023','019-005-001160413','4-2465649','02.11.2023','6133582 - SALVACERO ','0992681845001','SALVACERO CIA. LTDA.','VENEZUELA #3804 ENTR','SUMINISTRADOR INTACO','GUAYAS - GUAYAQUIL','VENEZUELA #3804 ENTRE LA 12 Y  CALLE','RETIRADO','505562596','4583105077'),(426,'12.10.2023','019-005-001160095','4-2465649','01.11.2023','6133582 - SALVACERO ','0992681845001','SALVACERO CIA. LTDA.','VENEZUELA #3804 ENTR','EC CEM GUAYAQUIL','GUAYAS - GUAYAQUIL','VENEZUELA #3804 ENTRE LA 12 Y  CALLE','RETIRADO','505557720','4583104723'),(427,'12.10.2023','019-005-001159904','4-2465649','01.11.2023','6133582 - SALVACERO ','0992681845001','SALVACERO CIA. LTDA.','VENEZUELA #3804 ENTR','EC CEM GUAYAQUIL','GUAYAS - GUAYAQUIL','VENEZUELA #3804 ENTRE LA 12 Y  CALLE','RETIRADO','505555666','4583104500'),(428,'12.10.2023','019-005-001159901','4-2465649','01.11.2023','6133582 - SALVACERO ','0992681845001','SALVACERO CIA. LTDA.','VENEZUELA #3804 ENTR','EC CEM GUAYAQUIL','GUAYAS - GUAYAQUIL','VENEZUELA #3804 ENTRE LA 12 Y  CALLE','RETIRADO','505555665','4583104495'),(429,'11.10.2023','019-005-001159695','4-2465649','31.10.2023','6133582 - SALVACERO ','0992681845001','SALVACERO CIA. LTDA.','VENEZUELA #3804 ENTR','EC CEM GUAYAQUIL','GUAYAS - GUAYAQUIL','VENEZUELA #3804 ENTRE LA 12 Y  CALLE','RETIRADO','505551035','4583104259'),(430,'11.10.2023','019-005-001159711','4-2465649','31.10.2023','6133582 - SALVACERO ','0992681845001','SALVACERO CIA. LTDA.','VENEZUELA #3804 ENTR','EC CEM GUAYAQUIL','GUAYAS - GUAYAQUIL','VENEZUELA #3804 ENTRE LA 12 Y  CALLE','RETIRADO','505550651','4583104275'),(431,'11.10.2023','019-005-001159491','4-2465649','31.10.2023','6133582 - SALVACERO ','0992681845001','SALVACERO CIA. LTDA.','VENEZUELA #3804 ENTR','EC CEM GUAYAQUIL','GUAYAS - GUAYAQUIL','VENEZUELA #3804 ENTRE LA 12 Y  CALLE','RETIRADO','505549904','4583104036'),(432,'11.10.2023','019-005-001159399','4-2465649','31.10.2023','6133582 - SALVACERO ','0992681845001','SALVACERO CIA. LTDA.','VENEZUELA #3804 ENTR','EC CEM GUAYAQUIL','GUAYAS - GUAYAQUIL','VENEZUELA #3804 ENTRE LA 12 Y  CALLE','RETIRADO','505548945','4583103940'),(433,'10.10.2023','019-005-001159162','4-2465649','30.10.2023','6133582 - SALVACERO ','0992681845001','SALVACERO CIA. LTDA.','VENEZUELA #3804 ENTR','EC CEM GUAYAQUIL','GUAYAS - GUAYAQUIL','VENEZUELA #3804 ENTRE LA 12 Y  CALLE','RETIRADO','505545281','4583103652'),(434,'10.10.2023','019-005-001159160','4-2465649','30.10.2023','6133582 - SALVACERO ','0992681845001','SALVACERO CIA. LTDA.','VENEZUELA #3804 ENTR','EC CEM GUAYAQUIL','GUAYAS - GUAYAQUIL','VENEZUELA #3804 ENTRE LA 12 Y  CALLE','RETIRADO','505545280','4583103650'),(435,'10.10.2023','019-005-001159157','4-2465649','30.10.2023','6133582 - SALVACERO ','0992681845001','SALVACERO CIA. LTDA.','VENEZUELA #3804 ENTR','EC CEM GUAYAQUIL','GUAYAS - GUAYAQUIL','VENEZUELA #3804 ENTRE LA 12 Y  CALLE','RETIRADO','505545279','4583103646'),(436,'10.10.2023','019-005-001159131','4-2465649','30.10.2023','6133582 - SALVACERO ','0992681845001','SALVACERO CIA. LTDA.','VENEZUELA #3804 ENTR','EC CEM GUAYAQUIL','GUAYAS - GUAYAQUIL','VENEZUELA #3804 ENTRE LA 12 Y  CALLE','RETIRADO','505545071','4583103619'),(437,'10.10.2023','019-005-001158995','4-2465649','30.10.2023','6133582 - SALVACERO ','0992681845001','SALVACERO CIA. LTDA.','VENEZUELA #3804 ENTR','EC CEM GUAYAQUIL','GUAYAS - GUAYAQUIL','VENEZUELA #3804 ENTRE LA 12 Y  CALLE','RETIRADO','505544261','4583103471'),(438,'10.10.2023','019-005-001158967','4-2465649','30.10.2023','6133582 - SALVACERO ','0992681845001','SALVACERO CIA. LTDA.','VENEZUELA #3804 ENTR','SUMINISTRADOR INTACO','GUAYAS - GUAYAQUIL','VENEZUELA #3804 ENTRE LA 12 Y  CALLE','RETIRADO','505544081','4583103442'),(439,'10.10.2023','019-005-001158852','4-2465649','30.10.2023','6133582 - SALVACERO ','0992681845001','SALVACERO CIA. LTDA.','VENEZUELA #3804 ENTR','EC CEM GUAYAQUIL','GUAYAS - GUAYAQUIL','VENEZUELA #3804 ENTRE LA 12 Y  CALLE','RETIRADO','505542699','4583103323'),(440,'10.10.2023','019005-001159134','4-2465649','30.10.2023','6133582 - SALVACERO ','0992681845001','SALVACERO CIA. LTDA.','VENEZUELA #3804 ENTR','EC CEM GUAYAQUIL','GUAYAS - GUAYAQUIL','VENEZUELA #3804 ENTRE LA 12 Y  CALLE','RETIRADO','505545146-020','HF'),(441,'10.10.2023','019005-001159134','4-2465649','30.10.2023','6133582 - SALVACERO ','0992681845001','SALVACERO CIA. LTDA.','VENEZUELA #3804 ENTR','EC CEM GUAYAQUIL','GUAYAS - GUAYAQUIL','VENEZUELA #3804 ENTRE LA 12 Y  CALLE','RETIRADO','505545146-010','HF'),(442,'10.10.2023','019005-001159135','4-2465649','30.10.2023','6133582 - SALVACERO ','0992681845001','SALVACERO CIA. LTDA.','VENEZUELA #3804 ENTR','EC CEM GUAYAQUIL','GUAYAS - GUAYAQUIL','VENEZUELA #3804 ENTRE LA 12 Y  CALLE','RETIRADO','505545158-010','HF'),(443,'10.10.2023','019005-001159135','4-2465649','30.10.2023','6133582 - SALVACERO ','0992681845001','SALVACERO CIA. LTDA.','VENEZUELA #3804 ENTR','EC CEM GUAYAQUIL','GUAYAS - GUAYAQUIL','VENEZUELA #3804 ENTRE LA 12 Y  CALLE','RETIRADO','505545158-040','HF'),(444,'10.10.2023','019005-001159135','4-2465649','30.10.2023','6133582 - SALVACERO ','0992681845001','SALVACERO CIA. LTDA.','VENEZUELA #3804 ENTR','EC CEM GUAYAQUIL','GUAYAS - GUAYAQUIL','VENEZUELA #3804 ENTRE LA 12 Y  CALLE','RETIRADO','505545158-030','HF'),(445,'10.10.2023','019005-001159135','4-2465649','30.10.2023','6133582 - SALVACERO ','0992681845001','SALVACERO CIA. LTDA.','VENEZUELA #3804 ENTR','EC CEM GUAYAQUIL','GUAYAS - GUAYAQUIL','VENEZUELA #3804 ENTRE LA 12 Y  CALLE','RETIRADO','505545158-020','HF'),(446,'12.10.2023','019005-001160020','4-2465649','01.11.2023','6133582 - SALVACERO ','0992681845001','SALVACERO CIA. LTDA.','VENEZUELA #3804 ENTR','EC CEM GUAYAQUIL','GUAYAS - GUAYAQUIL','VENEZUELA #3804 ENTRE LA 12 Y  CALLE','RETIRADO','505557260-010','HF'),(447,'12.10.2023','019005-001160020','4-2465649','01.11.2023','6133582 - SALVACERO ','0992681845001','SALVACERO CIA. LTDA.','VENEZUELA #3804 ENTR','EC CEM GUAYAQUIL','GUAYAS - GUAYAQUIL','VENEZUELA #3804 ENTRE LA 12 Y  CALLE','RETIRADO','505557260-040','HF'),(448,'12.10.2023','019005-001160020','4-2465649','01.11.2023','6133582 - SALVACERO ','0992681845001','SALVACERO CIA. LTDA.','VENEZUELA #3804 ENTR','EC CEM GUAYAQUIL','GUAYAS - GUAYAQUIL','VENEZUELA #3804 ENTRE LA 12 Y  CALLE','RETIRADO','505557260-030','HF'),(449,'12.10.2023','019005-001160020','4-2465649','01.11.2023','6133582 - SALVACERO ','0992681845001','SALVACERO CIA. LTDA.','VENEZUELA #3804 ENTR','EC CEM GUAYAQUIL','GUAYAS - GUAYAQUIL','VENEZUELA #3804 ENTRE LA 12 Y  CALLE','RETIRADO','505557260-020','HF'),(450,'12.10.2023','019005-001160036','4-2465649','01.11.2023','6133582 - SALVACERO ','0992681845001','SALVACERO CIA. LTDA.','VENEZUELA #3804 ENTR','EC CEM GUAYAQUIL','GUAYAS - GUAYAQUIL','VENEZUELA #3804 ENTRE LA 12 Y  CALLE','RETIRADO','505557356-020','HF'),(451,'12.10.2023','019005-001160036','4-2465649','01.11.2023','6133582 - SALVACERO ','0992681845001','SALVACERO CIA. LTDA.','VENEZUELA #3804 ENTR','EC CEM GUAYAQUIL','GUAYAS - GUAYAQUIL','VENEZUELA #3804 ENTRE LA 12 Y  CALLE','RETIRADO','505557356-100','HF'),(452,'12.10.2023','019005-001160036','4-2465649','01.11.2023','6133582 - SALVACERO ','0992681845001','SALVACERO CIA. LTDA.','VENEZUELA #3804 ENTR','EC CEM GUAYAQUIL','GUAYAS - GUAYAQUIL','VENEZUELA #3804 ENTRE LA 12 Y  CALLE','RETIRADO','505557356-110','HF'),(453,'12.10.2023','019005-001160036','4-2465649','01.11.2023','6133582 - SALVACERO ','0992681845001','SALVACERO CIA. LTDA.','VENEZUELA #3804 ENTR','EC CEM GUAYAQUIL','GUAYAS - GUAYAQUIL','VENEZUELA #3804 ENTRE LA 12 Y  CALLE','RETIRADO','505557356-060','HF'),(454,'12.10.2023','019005-001160036','4-2465649','01.11.2023','6133582 - SALVACERO ','0992681845001','SALVACERO CIA. LTDA.','VENEZUELA #3804 ENTR','EC CEM GUAYAQUIL','GUAYAS - GUAYAQUIL','VENEZUELA #3804 ENTRE LA 12 Y  CALLE','RETIRADO','505557356-010','HF'),(455,'12.10.2023','019005-001160036','4-2465649','01.11.2023','6133582 - SALVACERO ','0992681845001','SALVACERO CIA. LTDA.','VENEZUELA #3804 ENTR','EC CEM GUAYAQUIL','GUAYAS - GUAYAQUIL','VENEZUELA #3804 ENTRE LA 12 Y  CALLE','RETIRADO','505557356-030','HF'),(456,'12.10.2023','019005-001160036','4-2465649','01.11.2023','6133582 - SALVACERO ','0992681845001','SALVACERO CIA. LTDA.','VENEZUELA #3804 ENTR','EC CEM GUAYAQUIL','GUAYAS - GUAYAQUIL','VENEZUELA #3804 ENTRE LA 12 Y  CALLE','RETIRADO','505557356-040','HF'),(457,'12.10.2023','019005-001160036','4-2465649','01.11.2023','6133582 - SALVACERO ','0992681845001','SALVACERO CIA. LTDA.','VENEZUELA #3804 ENTR','EC CEM GUAYAQUIL','GUAYAS - GUAYAQUIL','VENEZUELA #3804 ENTRE LA 12 Y  CALLE','RETIRADO','505557356-050','HF'),(458,'12.10.2023','019005-001160036','4-2465649','01.11.2023','6133582 - SALVACERO ','0992681845001','SALVACERO CIA. LTDA.','VENEZUELA #3804 ENTR','EC CEM GUAYAQUIL','GUAYAS - GUAYAQUIL','VENEZUELA #3804 ENTRE LA 12 Y  CALLE','RETIRADO','505557356-120','HF'),(459,'12.10.2023','019005-001160036','4-2465649','01.11.2023','6133582 - SALVACERO ','0992681845001','SALVACERO CIA. LTDA.','VENEZUELA #3804 ENTR','EC CEM GUAYAQUIL','GUAYAS - GUAYAQUIL','VENEZUELA #3804 ENTRE LA 12 Y  CALLE','RETIRADO','505557356-070','HF'),(460,'12.10.2023','019005-001160036','4-2465649','01.11.2023','6133582 - SALVACERO ','0992681845001','SALVACERO CIA. LTDA.','VENEZUELA #3804 ENTR','EC CEM GUAYAQUIL','GUAYAS - GUAYAQUIL','VENEZUELA #3804 ENTRE LA 12 Y  CALLE','RETIRADO','505557356-080','HF'),(461,'12.10.2023','019005-001160036','4-2465649','01.11.2023','6133582 - SALVACERO ','0992681845001','SALVACERO CIA. LTDA.','VENEZUELA #3804 ENTR','EC CEM GUAYAQUIL','GUAYAS - GUAYAQUIL','VENEZUELA #3804 ENTRE LA 12 Y  CALLE','RETIRADO','505557356-090','HF'),(462,'16.10.2023','019005-001160826','4-2465649','05.11.2023','6133582 - SALVACERO ','0992681845001','SALVACERO CIA. LTDA.','VENEZUELA #3804 ENTR','EC CEM GUAYAQUIL','GUAYAS - GUAYAQUIL','VENEZUELA #3804 ENTRE LA 12 Y  CALLE','RETIRADO','505568156-010','CEM SALDOS'),(463,'16.10.2023','019005-001160826','4-2465649','05.11.2023','6133582 - SALVACERO ','0992681845001','SALVACERO CIA. LTDA.','VENEZUELA #3804 ENTR','EC CEM GUAYAQUIL','GUAYAS - GUAYAQUIL','VENEZUELA #3804 ENTRE LA 12 Y  CALLE','RETIRADO','505568156-020','CEM SALDOS'),(464,'16.10.2023','019005-001160826','4-2465649','05.11.2023','6133582 - SALVACERO ','0992681845001','SALVACERO CIA. LTDA.','VENEZUELA #3804 ENTR','EC CEM GUAYAQUIL','GUAYAS - GUAYAQUIL','VENEZUELA #3804 ENTRE LA 12 Y  CALLE','RETIRADO','505568156-060','CEM SALDOS'),(465,'16.10.2023','019005-001160826','4-2465649','05.11.2023','6133582 - SALVACERO ','0992681845001','SALVACERO CIA. LTDA.','VENEZUELA #3804 ENTR','EC CEM GUAYAQUIL','GUAYAS - GUAYAQUIL','VENEZUELA #3804 ENTRE LA 12 Y  CALLE','RETIRADO','505568156-040','CEM SALDOS'),(466,'16.10.2023','019005-001160826','4-2465649','05.11.2023','6133582 - SALVACERO ','0992681845001','SALVACERO CIA. LTDA.','VENEZUELA #3804 ENTR','EC CEM GUAYAQUIL','GUAYAS - GUAYAQUIL','VENEZUELA #3804 ENTRE LA 12 Y  CALLE','RETIRADO','505568156-050','CEM SALDOS'),(467,'16.10.2023','019005-001160826','4-2465649','05.11.2023','6133582 - SALVACERO ','0992681845001','SALVACERO CIA. LTDA.','VENEZUELA #3804 ENTR','EC CEM GUAYAQUIL','GUAYAS - GUAYAQUIL','VENEZUELA #3804 ENTRE LA 12 Y  CALLE','RETIRADO','505568156-030','CEM SALDOS'),(468,'18.10.2023','019005-001162139','4-2465649','07.11.2023','6133582 - SALVACERO ','0992681845001','SALVACERO CIA. LTDA.','VENEZUELA #3804 ENTR','','GUAYAS - GUAYAQUIL','VENEZUELA #3804 ENTRE LA 12 Y  CALLE','ENTREGADO','505581049-020','ANDEC'),(469,'18.10.2023','019005-001162139','4-2465649','07.11.2023','6133582 - SALVACERO ','0992681845001','SALVACERO CIA. LTDA.','VENEZUELA #3804 ENTR','','GUAYAS - GUAYAQUIL','VENEZUELA #3804 ENTRE LA 12 Y  CALLE','ENTREGADO','505581049-010','ANDEC'),(470,'18.10.2023','019005-001162156','4-2465649','07.11.2023','6133582 - SALVACERO ','0992681845001','SALVACERO CIA. LTDA.','VENEZUELA #3804 ENTR','EC CEM GUAYAQUIL','GUAYAS - GUAYAQUIL','VENEZUELA #3804 ENTRE LA 12 Y  CALLE','RETIRADO','505581141-040','HF'),(471,'18.10.2023','019005-001162156','4-2465649','07.11.2023','6133582 - SALVACERO ','0992681845001','SALVACERO CIA. LTDA.','VENEZUELA #3804 ENTR','EC CEM GUAYAQUIL','GUAYAS - GUAYAQUIL','VENEZUELA #3804 ENTRE LA 12 Y  CALLE','RETIRADO','505581141-030','HF'),(472,'18.10.2023','019005-001162156','4-2465649','07.11.2023','6133582 - SALVACERO ','0992681845001','SALVACERO CIA. LTDA.','VENEZUELA #3804 ENTR','EC CEM GUAYAQUIL','GUAYAS - GUAYAQUIL','VENEZUELA #3804 ENTRE LA 12 Y  CALLE','RETIRADO','505581141-020','HF'),(473,'18.10.2023','019005-001162156','4-2465649','07.11.2023','6133582 - SALVACERO ','0992681845001','SALVACERO CIA. LTDA.','VENEZUELA #3804 ENTR','EC CEM GUAYAQUIL','GUAYAS - GUAYAQUIL','VENEZUELA #3804 ENTRE LA 12 Y  CALLE','RETIRADO','505581141-010','HF'),(474,'19.10.2023','019005-001162428','4-2465649','08.11.2023','6133582 - SALVACERO ','0992681845001','SALVACERO CIA. LTDA.','VENEZUELA #3804 ENTR','','GUAYAS - GUAYAQUIL','VENEZUELA #3804 ENTRE LA 12 Y  CALLE','ENTREGADO','505585144-070','PLASTIGAMA'),(475,'19.10.2023','019005-001162428','4-2465649','08.11.2023','6133582 - SALVACERO ','0992681845001','SALVACERO CIA. LTDA.','VENEZUELA #3804 ENTR','','GUAYAS - GUAYAQUIL','VENEZUELA #3804 ENTRE LA 12 Y  CALLE','ENTREGADO','505585144-060','PLASTIGAMA'),(476,'19.10.2023','019005-001162428','4-2465649','08.11.2023','6133582 - SALVACERO ','0992681845001','SALVACERO CIA. LTDA.','VENEZUELA #3804 ENTR','','GUAYAS - GUAYAQUIL','VENEZUELA #3804 ENTRE LA 12 Y  CALLE','ENTREGADO','505585144-080','PLASTIGAMA'),(477,'19.10.2023','019005-001162428','4-2465649','08.11.2023','6133582 - SALVACERO ','0992681845001','SALVACERO CIA. LTDA.','VENEZUELA #3804 ENTR','','GUAYAS - GUAYAQUIL','VENEZUELA #3804 ENTRE LA 12 Y  CALLE','ENTREGADO','505585144-050','PLASTIGAMA'),(478,'19.10.2023','019005-001162428','4-2465649','08.11.2023','6133582 - SALVACERO ','0992681845001','SALVACERO CIA. LTDA.','VENEZUELA #3804 ENTR','','GUAYAS - GUAYAQUIL','VENEZUELA #3804 ENTRE LA 12 Y  CALLE','ENTREGADO','505585144-020','PLASTIGAMA'),(479,'19.10.2023','019005-001162428','4-2465649','08.11.2023','6133582 - SALVACERO ','0992681845001','SALVACERO CIA. LTDA.','VENEZUELA #3804 ENTR','','GUAYAS - GUAYAQUIL','VENEZUELA #3804 ENTRE LA 12 Y  CALLE','ENTREGADO','505585144-030','PLASTIGAMA'),(480,'19.10.2023','019005-001162428','4-2465649','08.11.2023','6133582 - SALVACERO ','0992681845001','SALVACERO CIA. LTDA.','VENEZUELA #3804 ENTR','','GUAYAS - GUAYAQUIL','VENEZUELA #3804 ENTRE LA 12 Y  CALLE','ENTREGADO','505585144-010','PLASTIGAMA'),(481,'19.10.2023','019005-001162428','4-2465649','08.11.2023','6133582 - SALVACERO ','0992681845001','SALVACERO CIA. LTDA.','VENEZUELA #3804 ENTR','','GUAYAS - GUAYAQUIL','VENEZUELA #3804 ENTRE LA 12 Y  CALLE','ENTREGADO','505585144-040','PLASTIGAMA'),(482,'19.10.2023','019005-001162482','4-2465649','08.11.2023','6133582 - SALVACERO ','0992681845001','SALVACERO CIA. LTDA.','VENEZUELA #3804 ENTR','EC CEM GUAYAQUIL','GUAYAS - GUAYAQUIL','VENEZUELA #3804 ENTRE LA 12 Y  CALLE','RETIRADO','505585895-020','HF'),(483,'19.10.2023','019005-001162482','4-2465649','08.11.2023','6133582 - SALVACERO ','0992681845001','SALVACERO CIA. LTDA.','VENEZUELA #3804 ENTR','EC CEM GUAYAQUIL','GUAYAS - GUAYAQUIL','VENEZUELA #3804 ENTRE LA 12 Y  CALLE','RETIRADO','505585895-010','HF'),(484,'20.10.2023','019005-001163086','4-2465649','09.11.2023','6133582 - SALVACERO ','0992681845001','SALVACERO CIA. LTDA.','VENEZUELA #3804 ENTR','EC CEM GUAYAQUIL','GUAYAS - GUAYAQUIL','VENEZUELA #3804 ENTRE LA 12 Y  CALLE','RETIRADO','505596195-120','HF'),(485,'20.10.2023','019005-001163086','4-2465649','09.11.2023','6133582 - SALVACERO ','0992681845001','SALVACERO CIA. LTDA.','VENEZUELA #3804 ENTR','EC CEM GUAYAQUIL','GUAYAS - GUAYAQUIL','VENEZUELA #3804 ENTRE LA 12 Y  CALLE','RETIRADO','505596195-110','HF'),(486,'20.10.2023','019005-001163086','4-2465649','09.11.2023','6133582 - SALVACERO ','0992681845001','SALVACERO CIA. LTDA.','VENEZUELA #3804 ENTR','EC CEM GUAYAQUIL','GUAYAS - GUAYAQUIL','VENEZUELA #3804 ENTRE LA 12 Y  CALLE','RETIRADO','505596195-010','HF'),(487,'20.10.2023','019005-001163086','4-2465649','09.11.2023','6133582 - SALVACERO ','0992681845001','SALVACERO CIA. LTDA.','VENEZUELA #3804 ENTR','EC CEM GUAYAQUIL','GUAYAS - GUAYAQUIL','VENEZUELA #3804 ENTRE LA 12 Y  CALLE','RETIRADO','505596195-050','HF'),(488,'20.10.2023','019005-001163086','4-2465649','09.11.2023','6133582 - SALVACERO ','0992681845001','SALVACERO CIA. LTDA.','VENEZUELA #3804 ENTR','EC CEM GUAYAQUIL','GUAYAS - GUAYAQUIL','VENEZUELA #3804 ENTRE LA 12 Y  CALLE','RETIRADO','505596195-100','HF'),(489,'20.10.2023','019005-001163086','4-2465649','09.11.2023','6133582 - SALVACERO ','0992681845001','SALVACERO CIA. LTDA.','VENEZUELA #3804 ENTR','EC CEM GUAYAQUIL','GUAYAS - GUAYAQUIL','VENEZUELA #3804 ENTRE LA 12 Y  CALLE','RETIRADO','505596195-020','HF'),(490,'20.10.2023','019005-001163086','4-2465649','09.11.2023','6133582 - SALVACERO ','0992681845001','SALVACERO CIA. LTDA.','VENEZUELA #3804 ENTR','EC CEM GUAYAQUIL','GUAYAS - GUAYAQUIL','VENEZUELA #3804 ENTRE LA 12 Y  CALLE','RETIRADO','505596195-030','HF'),(491,'20.10.2023','019005-001163086','4-2465649','09.11.2023','6133582 - SALVACERO ','0992681845001','SALVACERO CIA. LTDA.','VENEZUELA #3804 ENTR','EC CEM GUAYAQUIL','GUAYAS - GUAYAQUIL','VENEZUELA #3804 ENTRE LA 12 Y  CALLE','RETIRADO','505596195-040','HF'),(492,'20.10.2023','019005-001163086','4-2465649','09.11.2023','6133582 - SALVACERO ','0992681845001','SALVACERO CIA. LTDA.','VENEZUELA #3804 ENTR','EC CEM GUAYAQUIL','GUAYAS - GUAYAQUIL','VENEZUELA #3804 ENTRE LA 12 Y  CALLE','RETIRADO','505596195-060','HF'),(493,'20.10.2023','019005-001163086','4-2465649','09.11.2023','6133582 - SALVACERO ','0992681845001','SALVACERO CIA. LTDA.','VENEZUELA #3804 ENTR','EC CEM GUAYAQUIL','GUAYAS - GUAYAQUIL','VENEZUELA #3804 ENTRE LA 12 Y  CALLE','RETIRADO','505596195-070','HF'),(494,'20.10.2023','019005-001163086','4-2465649','09.11.2023','6133582 - SALVACERO ','0992681845001','SALVACERO CIA. LTDA.','VENEZUELA #3804 ENTR','EC CEM GUAYAQUIL','GUAYAS - GUAYAQUIL','VENEZUELA #3804 ENTRE LA 12 Y  CALLE','RETIRADO','505596195-080','HF'),(495,'20.10.2023','019005-001163086','4-2465649','09.11.2023','6133582 - SALVACERO ','0992681845001','SALVACERO CIA. LTDA.','VENEZUELA #3804 ENTR','EC CEM GUAYAQUIL','GUAYAS - GUAYAQUIL','VENEZUELA #3804 ENTRE LA 12 Y  CALLE','RETIRADO','505596195-090','HF'),(496,'07.10.2023','019-005-001158441','4-2465649','27.10.2023','6133582 - SALVACERO ','0992681845001','SALVACERO CIA. LTDA.','VENEZUELA #3804 ENTR','EC CEM GUAYAQUIL','GUAYAS - GUAYAQUIL','VENEZUELA #3804 ENTRE LA 12 Y  CALLE','RETIRADO','505533092','4583102831'),(497,'07.10.2023','019-005-001158440','4-2465649','27.10.2023','6133582 - SALVACERO ','0992681845001','SALVACERO CIA. LTDA.','VENEZUELA #3804 ENTR','EC CEM GUAYAQUIL','GUAYAS - GUAYAQUIL','VENEZUELA #3804 ENTRE LA 12 Y  CALLE','RETIRADO','505533091','4583102828'),(498,'07.10.2023','019-005-001158439','4-2465649','27.10.2023','6133582 - SALVACERO ','0992681845001','SALVACERO CIA. LTDA.','VENEZUELA #3804 ENTR','EC CEM GUAYAQUIL','GUAYAS - GUAYAQUIL','VENEZUELA #3804 ENTRE LA 12 Y  CALLE','RETIRADO','505533090','4583102827'),(499,'06.10.2023','019-005-001158420','4-2465649','26.10.2023','6133582 - SALVACERO ','0992681845001','SALVACERO CIA. LTDA.','VENEZUELA #3804 ENTR','EC CEM GUAYAQUIL','GUAYAS - GUAYAQUIL','VENEZUELA #3804 ENTRE LA 12 Y  CALLE','RETIRADO','505532516','4583102802'),(500,'06.10.2023','019-005-001158419','4-2465649','26.10.2023','6133582 - SALVACERO ','0992681845001','SALVACERO CIA. LTDA.','VENEZUELA #3804 ENTR','EC CEM GUAYAQUIL','GUAYAS - GUAYAQUIL','VENEZUELA #3804 ENTRE LA 12 Y  CALLE','RETIRADO','505532515','4583102801'),(501,'06.10.2023','019-005-001158418','4-2465649','26.10.2023','6133582 - SALVACERO ','0992681845001','SALVACERO CIA. LTDA.','VENEZUELA #3804 ENTR','EC CEM GUAYAQUIL','GUAYAS - GUAYAQUIL','VENEZUELA #3804 ENTRE LA 12 Y  CALLE','RETIRADO','505532513','4583102800'),(502,'06.10.2023','019-005-001158362','4-2465649','26.10.2023','6133582 - SALVACERO ','0992681845001','SALVACERO CIA. LTDA.','VENEZUELA #3804 ENTR','SUMINISTRADOR INTACO','GUAYAS - GUAYAQUIL','VENEZUELA #3804 ENTRE LA 12 Y  CALLE','RETIRADO','505531228','4583102739'),(503,'06.10.2023','019-005-001158168','4-2465649','26.10.2023','6133582 - SALVACERO ','0992681845001','SALVACERO CIA. LTDA.','VENEZUELA #3804 ENTR','EC CEM GUAYAQUIL','GUAYAS - GUAYAQUIL','VENEZUELA #3804 ENTRE LA 12 Y  CALLE','RETIRADO','505528167','4583102535'),(504,'06.10.2023','019-005-001158167','4-2465649','26.10.2023','6133582 - SALVACERO ','0992681845001','SALVACERO CIA. LTDA.','VENEZUELA #3804 ENTR','EC CEM GUAYAQUIL','GUAYAS - GUAYAQUIL','VENEZUELA #3804 ENTRE LA 12 Y  CALLE','RETIRADO','505528166','4583102534'),(505,'06.10.2023','019-005-001158169','4-2465649','26.10.2023','6133582 - SALVACERO ','0992681845001','SALVACERO CIA. LTDA.','VENEZUELA #3804 ENTR','EC CEM GUAYAQUIL','GUAYAS - GUAYAQUIL','VENEZUELA #3804 ENTRE LA 12 Y  CALLE','RETIRADO','505528165','4583102536'),(506,'06.10.2023','019-005-001158135','4-2465649','26.10.2023','6133582 - SALVACERO ','0992681845001','SALVACERO CIA. LTDA.','VENEZUELA #3804 ENTR','SUMINISTRADOR ANDEC','GUAYAS - GUAYAQUIL','VENEZUELA #3804 ENTRE LA 12 Y  CALLE','ENTREGADO','505528061','4583102530'),(507,'05.10.2023','019-005-001157686','4-2465649','25.10.2023','6133582 - SALVACERO ','0992681845001','SALVACERO CIA. LTDA.','VENEZUELA #3804 ENTR','EC CEM GUAYAQUIL','GUAYAS - GUAYAQUIL','VENEZUELA #3804 ENTRE LA 12 Y  CALLE','RETIRADO','505524275','4583102380'),(508,'05.10.2023','019-005-001157525','4-2465649','25.10.2023','6133582 - SALVACERO ','0992681845001','SALVACERO CIA. LTDA.','VENEZUELA #3804 ENTR','EC CEM GUAYAQUIL','GUAYAS - GUAYAQUIL','VENEZUELA #3804 ENTRE LA 12 Y  CALLE','RETIRADO','505522495','4583102200'),(509,'05.10.2023','019-005-001157693','4-2465649','25.10.2023','6133582 - SALVACERO ','0992681845001','SALVACERO CIA. LTDA.','VENEZUELA #3804 ENTR','EC CEM GUAYAQUIL','GUAYAS - GUAYAQUIL','VENEZUELA #3804 ENTRE LA 12 Y  CALLE','RETIRADO','505522492','4583102386'),(510,'05.10.2023','019-005-001157692','4-2465649','25.10.2023','6133582 - SALVACERO ','0992681845001','SALVACERO CIA. LTDA.','VENEZUELA #3804 ENTR','EC CEM GUAYAQUIL','GUAYAS - GUAYAQUIL','VENEZUELA #3804 ENTRE LA 12 Y  CALLE','RETIRADO','505522491','4583102385'),(511,'05.10.2023','019-005-001157427','4-2465649','25.10.2023','6133582 - SALVACERO ','0992681845001','SALVACERO CIA. LTDA.','VENEZUELA #3804 ENTR','SUMINISTRADOR ANDEC','GUAYAS - GUAYAQUIL','VENEZUELA #3804 ENTRE LA 12 Y  CALLE','ENTREGADO','505520506','4583102092'),(512,'04.10.2023','019-005-001157266','4-2465649','24.10.2023','6133582 - SALVACERO ','0992681845001','SALVACERO CIA. LTDA.','VENEZUELA #3804 ENTR','EC CEM GUAYAQUIL','GUAYAS - GUAYAQUIL','VENEZUELA #3804 ENTRE LA 12 Y  CALLE','RETIRADO','505518525','4583101967'),(513,'04.10.2023','019-005-001157265','4-2465649','24.10.2023','6133582 - SALVACERO ','0992681845001','SALVACERO CIA. LTDA.','VENEZUELA #3804 ENTR','EC CEM GUAYAQUIL','GUAYAS - GUAYAQUIL','VENEZUELA #3804 ENTRE LA 12 Y  CALLE','RETIRADO','505518524','4583101966'),(514,'04.10.2023','019-005-001157093','4-2465649','24.10.2023','6133582 - SALVACERO ','0992681845001','SALVACERO CIA. LTDA.','VENEZUELA #3804 ENTR','SUMINISTRADOR ANDEC','GUAYAS - GUAYAQUIL','VENEZUELA #3804 ENTRE LA 12 Y  CALLE','ENTREGADO','505515852','4583101765'),(515,'04.10.2023','019-005-001156947','4-2465649','24.10.2023','6133582 - SALVACERO ','0992681845001','SALVACERO CIA. LTDA.','VENEZUELA #3804 ENTR','SUMINISTRADOR INTACO','GUAYAS - GUAYAQUIL','VENEZUELA #3804 ENTRE LA 12 Y  CALLE','RETIRADO','505515408','4583101631'),(516,'04.10.2023','019-005-001156932','4-2465649','24.10.2023','6133582 - SALVACERO ','0992681845001','SALVACERO CIA. LTDA.','VENEZUELA #3804 ENTR','SUMINISTRADOR INTACO','GUAYAS - GUAYAQUIL','VENEZUELA #3804 ENTRE LA 12 Y  CALLE','RETIRADO','505515282','4583101614'),(517,'04.10.2023','019-005-001156884','4-2465649','24.10.2023','6133582 - SALVACERO ','0992681845001','SALVACERO CIA. LTDA.','VENEZUELA #3804 ENTR','SUMINISTRADOR FV','GUAYAS - GUAYAQUIL','VENEZUELA #3804 ENTRE LA 12 Y  CALLE','ENTREGADO','505514842','4583101559'),(518,'03.10.2023','019-005-001156724','4-2465649','23.10.2023','6133582 - SALVACERO ','0992681845001','SALVACERO CIA. LTDA.','VENEZUELA #3804 ENTR','EC CEM GUAYAQUIL','GUAYAS - GUAYAQUIL','VENEZUELA #3804 ENTRE LA 12 Y  CALLE','RETIRADO','505512669','4583101375'),(519,'03.10.2023','019-005-001156723','4-2465649','23.10.2023','6133582 - SALVACERO ','0992681845001','SALVACERO CIA. LTDA.','VENEZUELA #3804 ENTR','EC CEM GUAYAQUIL','GUAYAS - GUAYAQUIL','VENEZUELA #3804 ENTRE LA 12 Y  CALLE','RETIRADO','505512668','4583101374'),(520,'03.10.2023','019-005-001156725','4-2465649','23.10.2023','6133582 - SALVACERO ','0992681845001','SALVACERO CIA. LTDA.','VENEZUELA #3804 ENTR','EC CEM GUAYAQUIL','GUAYAS - GUAYAQUIL','VENEZUELA #3804 ENTRE LA 12 Y  CALLE','RETIRADO','505512667','4583101376'),(521,'03.10.2023','019-005-001156722','4-2465649','23.10.2023','6133582 - SALVACERO ','0992681845001','SALVACERO CIA. LTDA.','VENEZUELA #3804 ENTR','EC CEM GUAYAQUIL','GUAYAS - GUAYAQUIL','VENEZUELA #3804 ENTRE LA 12 Y  CALLE','RETIRADO','505512666','4583101373'),(522,'02.10.2023','019-005-001156398','4-2465649','22.10.2023','6133582 - SALVACERO ','0992681845001','SALVACERO CIA. LTDA.','VENEZUELA #3804 ENTR','EC CEM GUAYAQUIL','GUAYAS - GUAYAQUIL','VENEZUELA #3804 ENTRE LA 12 Y  CALLE','RETIRADO','505507555','4583100984'),(523,'02.10.2023','019-005-001156396','4-2465649','22.10.2023','6133582 - SALVACERO ','0992681845001','SALVACERO CIA. LTDA.','VENEZUELA #3804 ENTR','EC CEM GUAYAQUIL','GUAYAS - GUAYAQUIL','VENEZUELA #3804 ENTRE LA 12 Y  CALLE','RETIRADO','505507543','4583100981'),(524,'02.10.2023','019-005-001156395','4-2465649','22.10.2023','6133582 - SALVACERO ','0992681845001','SALVACERO CIA. LTDA.','VENEZUELA #3804 ENTR','EC CEM GUAYAQUIL','GUAYAS - GUAYAQUIL','VENEZUELA #3804 ENTRE LA 12 Y  CALLE','RETIRADO','505507542','4583100980'),(525,'25.10.2023','019-005-001164475','4-2465649','14.11.2023','6133582 - SALVACERO ','0992681845001','SALVACERO CIA. LTDA.','VENEZUELA #3804 ENTR','EC CEM GUAYAQUIL','GUAYAS - GUAYAQUIL','VENEZUELA #3804 ENTRE LA 12 Y  CALLE','RETIRADO','505616264','4583109430'),(526,'25.10.2023','019-005-001164471','4-2465649','14.11.2023','6133582 - SALVACERO ','0992681845001','SALVACERO CIA. LTDA.','VENEZUELA #3804 ENTR','EC CEM GUAYAQUIL','GUAYAS - GUAYAQUIL','VENEZUELA #3804 ENTRE LA 12 Y  CALLE','RETIRADO','505616263','4583109426'),(527,'25.10.2023','019-005-001164465','4-2465649','14.11.2023','6133582 - SALVACERO ','0992681845001','SALVACERO CIA. LTDA.','VENEZUELA #3804 ENTR','EC CEM GUAYAQUIL','GUAYAS - GUAYAQUIL','VENEZUELA #3804 ENTRE LA 12 Y  CALLE','RETIRADO','505616262','4583109420'),(528,'25.10.2023','019-005-001164481','4-2465649','14.11.2023','6133582 - SALVACERO ','0992681845001','SALVACERO CIA. LTDA.','VENEZUELA #3804 ENTR','EC CEM GUAYAQUIL','GUAYAS - GUAYAQUIL','VENEZUELA #3804 ENTRE LA 12 Y  CALLE','RETIRADO','505616072','4583109439'),(529,'25.10.2023','019-005-001164466','4-2465649','14.11.2023','6133582 - SALVACERO ','0992681845001','SALVACERO CIA. LTDA.','VENEZUELA #3804 ENTR','EC CEM GUAYAQUIL','GUAYAS - GUAYAQUIL','VENEZUELA #3804 ENTRE LA 12 Y  CALLE','RETIRADO','505616071','4583109421'),(530,'25.10.2023','019-005-001164453','4-2465649','14.11.2023','6133582 - SALVACERO ','0992681845001','SALVACERO CIA. LTDA.','VENEZUELA #3804 ENTR','EC CEM GUAYAQUIL','GUAYAS - GUAYAQUIL','VENEZUELA #3804 ENTRE LA 12 Y  CALLE','RETIRADO','505616070','4583109408'),(531,'25.10.2023','019-005-001164447','4-2465649','14.11.2023','6133582 - SALVACERO ','0992681845001','SALVACERO CIA. LTDA.','VENEZUELA #3804 ENTR','EC CEM GUAYAQUIL','GUAYAS - GUAYAQUIL','VENEZUELA #3804 ENTRE LA 12 Y  CALLE','RETIRADO','505616069','4583109401'),(532,'25.10.2023','019-005-001164438','4-2465649','14.11.2023','6133582 - SALVACERO ','0992681845001','SALVACERO CIA. LTDA.','VENEZUELA #3804 ENTR','EC CEM GUAYAQUIL','GUAYAS - GUAYAQUIL','VENEZUELA #3804 ENTRE LA 12 Y  CALLE','RETIRADO','505616068','4583109391'),(533,'25.10.2023','019-005-001164474','4-2465649','14.11.2023','6133582 - SALVACERO ','0992681845001','SALVACERO CIA. LTDA.','VENEZUELA #3804 ENTR','EC CEM GUAYAQUIL','GUAYAS - GUAYAQUIL','VENEZUELA #3804 ENTRE LA 12 Y  CALLE','RETIRADO','505615955','4583109429'),(534,'25.10.2023','019-005-001164452','4-2465649','14.11.2023','6133582 - SALVACERO ','0992681845001','SALVACERO CIA. LTDA.','VENEZUELA #3804 ENTR','EC CEM GUAYAQUIL','GUAYAS - GUAYAQUIL','VENEZUELA #3804 ENTRE LA 12 Y  CALLE','RETIRADO','505615954','4583109407'),(535,'25.10.2023','019-005-001164450','4-2465649','14.11.2023','6133582 - SALVACERO ','0992681845001','SALVACERO CIA. LTDA.','VENEZUELA #3804 ENTR','EC CEM GUAYAQUIL','GUAYAS - GUAYAQUIL','VENEZUELA #3804 ENTRE LA 12 Y  CALLE','RETIRADO','505615953','4583109405'),(536,'25.10.2023','019-005-001164431','4-2465649','14.11.2023','6133582 - SALVACERO ','0992681845001','SALVACERO CIA. LTDA.','VENEZUELA #3804 ENTR','EC CEM GUAYAQUIL','GUAYAS - GUAYAQUIL','VENEZUELA #3804 ENTRE LA 12 Y  CALLE','RETIRADO','505615952','4583109384'),(537,'25.10.2023','019-005-001164426','4-2465649','14.11.2023','6133582 - SALVACERO ','0992681845001','SALVACERO CIA. LTDA.','VENEZUELA #3804 ENTR','EC CEM GUAYAQUIL','GUAYAS - GUAYAQUIL','VENEZUELA #3804 ENTRE LA 12 Y  CALLE','RETIRADO','505615950','4583109380'),(538,'25.10.2023','019-005-001164419','4-2465649','14.11.2023','6133582 - SALVACERO ','0992681845001','SALVACERO CIA. LTDA.','VENEZUELA #3804 ENTR','EC CEM GUAYAQUIL','GUAYAS - GUAYAQUIL','VENEZUELA #3804 ENTRE LA 12 Y  CALLE','RETIRADO','505615949','4583109373'),(539,'25.10.2023','019-005-001164417','4-2465649','14.11.2023','6133582 - SALVACERO ','0992681845001','SALVACERO CIA. LTDA.','VENEZUELA #3804 ENTR','EC CEM GUAYAQUIL','GUAYAS - GUAYAQUIL','VENEZUELA #3804 ENTRE LA 12 Y  CALLE','RETIRADO','505615948','4583109368'),(540,'24.10.2023','019-005-001164154','4-2465649','13.11.2023','6133582 - SALVACERO ','0992681845001','SALVACERO CIA. LTDA.','VENEZUELA #3804 ENTR','EC CEM GUAYAQUIL','GUAYAS - GUAYAQUIL','VENEZUELA #3804 ENTRE LA 12 Y  CALLE','RETIRADO','505610823','4583109033'),(541,'24.10.2023','019-005-001164156','4-2465649','13.11.2023','6133582 - SALVACERO ','0992681845001','SALVACERO CIA. LTDA.','VENEZUELA #3804 ENTR','EC CEM GUAYAQUIL','GUAYAS - GUAYAQUIL','VENEZUELA #3804 ENTRE LA 12 Y  CALLE','RETIRADO','505610822','4583109035'),(542,'24.10.2023','019-005-001164019','4-2465649','13.11.2023','6133582 - SALVACERO ','0992681845001','SALVACERO CIA. LTDA.','VENEZUELA #3804 ENTR','EC CEM GUAYAQUIL','GUAYAS - GUAYAQUIL','VENEZUELA #3804 ENTRE LA 12 Y  CALLE','RETIRADO','505610388','4583108882'),(543,'24.10.2023','019-005-001164010','4-2465649','13.11.2023','6133582 - SALVACERO ','0992681845001','SALVACERO CIA. LTDA.','VENEZUELA #3804 ENTR','EC CEM GUAYAQUIL','GUAYAS - GUAYAQUIL','VENEZUELA #3804 ENTRE LA 12 Y  CALLE','RETIRADO','505610387','4583108873'),(544,'24.10.2023','019-005-001163993','4-2465649','13.11.2023','6133582 - SALVACERO ','0992681845001','SALVACERO CIA. LTDA.','VENEZUELA #3804 ENTR','EC CEM GUAYAQUIL','GUAYAS - GUAYAQUIL','VENEZUELA #3804 ENTRE LA 12 Y  CALLE','RETIRADO','505610385','4583108854'),(545,'24.10.2023','019-005-001163985','4-2465649','26.10.2023','6133582 - SALVACERO ','0992681845001','SALVACERO CIA. LTDA.','VENEZUELA #3804 ENTR','EC CEM GUAYAQUIL','GUAYAS - GUAYAQUIL','VENEZUELA #3804 ENTRE LA 12 Y  CALLE','RETIRADO','505610384','4583108847'),(546,'23.10.2023','019-005-001163681','4-2465649','12.11.2023','6133582 - SALVACERO ','0992681845001','SALVACERO CIA. LTDA.','VENEZUELA #3804 ENTR','EC CEM GUAYAQUIL','GUAYAS - GUAYAQUIL','VENEZUELA #3804 ENTRE LA 12 Y  CALLE','RETIRADO','505605665','4583108478'),(547,'23.10.2023','019-005-001163680','4-2465649','12.11.2023','6133582 - SALVACERO ','0992681845001','SALVACERO CIA. LTDA.','VENEZUELA #3804 ENTR','EC CEM GUAYAQUIL','GUAYAS - GUAYAQUIL','VENEZUELA #3804 ENTRE LA 12 Y  CALLE','RETIRADO','505605664','4583108477'),(548,'23.10.2023','019-005-001163679','4-2465649','12.11.2023','6133582 - SALVACERO ','0992681845001','SALVACERO CIA. LTDA.','VENEZUELA #3804 ENTR','EC CEM GUAYAQUIL','GUAYAS - GUAYAQUIL','VENEZUELA #3804 ENTRE LA 12 Y  CALLE','RETIRADO','505605663','4583108476'),(549,'23.10.2023','019-005-001163678','4-2465649','12.11.2023','6133582 - SALVACERO ','0992681845001','SALVACERO CIA. LTDA.','VENEZUELA #3804 ENTR','EC CEM GUAYAQUIL','GUAYAS - GUAYAQUIL','VENEZUELA #3804 ENTRE LA 12 Y  CALLE','RETIRADO','505605662','4583108475'),(550,'23.10.2023','019-005-001163677','4-2465649','12.11.2023','6133582 - SALVACERO ','0992681845001','SALVACERO CIA. LTDA.','VENEZUELA #3804 ENTR','EC CEM GUAYAQUIL','GUAYAS - GUAYAQUIL','VENEZUELA #3804 ENTRE LA 12 Y  CALLE','RETIRADO','505605661','4583108474'),(551,'23.10.2023','019-005-001163674','4-2465649','12.11.2023','6133582 - SALVACERO ','0992681845001','SALVACERO CIA. LTDA.','VENEZUELA #3804 ENTR','EC CEM GUAYAQUIL','GUAYAS - GUAYAQUIL','VENEZUELA #3804 ENTRE LA 12 Y  CALLE','RETIRADO','505605660','4583108471'),(552,'23.10.2023','019-005-001163313','4-2465649','12.11.2023','6133582 - SALVACERO ','0992681845001','SALVACERO CIA. LTDA.','VENEZUELA #3804 ENTR','EC CEM GUAYAQUIL','GUAYAS - GUAYAQUIL','VENEZUELA #3804 ENTRE LA 12 Y  CALLE','RETIRADO','505601739','4583108064'),(553,'23.10.2023','019-005-001163284','4-2465649','12.11.2023','6133582 - SALVACERO ','0992681845001','SALVACERO CIA. LTDA.','VENEZUELA #3804 ENTR','EC CEM GUAYAQUIL','GUAYAS - GUAYAQUIL','VENEZUELA #3804 ENTRE LA 12 Y  CALLE','RETIRADO','505601270','4583108029'),(554,'20.10.2023','019-005-001162997','4-2465649','09.11.2023','6133582 - SALVACERO ','0992681845001','SALVACERO CIA. LTDA.','VENEZUELA #3804 ENTR','EC CEM GUAYAQUIL','GUAYAS - GUAYAQUIL','VENEZUELA #3804 ENTRE LA 12 Y  CALLE','RETIRADO','505594811','4583107676'),(555,'20.10.2023','019-005-001162990','4-2465649','09.11.2023','6133582 - SALVACERO ','0992681845001','SALVACERO CIA. LTDA.','VENEZUELA #3804 ENTR','EC CEM GUAYAQUIL','GUAYAS - GUAYAQUIL','VENEZUELA #3804 ENTRE LA 12 Y  CALLE','RETIRADO','505594810','4583107669'),(556,'27.10.2023','019-005-001165456','4-2465649','16.11.2023','6133582 - SALVACERO ','0992681845001','SALVACERO CIA. LTDA.','VENEZUELA #3804 ENTR','EC CEM GUAYAQUIL','GUAYAS - GUAYAQUIL','VENEZUELA #3804 ENTRE LA 12 Y  CALLE','RETIRADO','505631234','4583110591'),(557,'27.10.2023','019-005-001165455','4-2465649','16.11.2023','6133582 - SALVACERO ','0992681845001','SALVACERO CIA. LTDA.','VENEZUELA #3804 ENTR','EC CEM GUAYAQUIL','GUAYAS - GUAYAQUIL','VENEZUELA #3804 ENTRE LA 12 Y  CALLE','RETIRADO','505631233','4583110590'),(558,'27.10.2023','019-005-001165395','4-2465649','16.11.2023','6133582 - SALVACERO ','0992681845001','SALVACERO CIA. LTDA.','VENEZUELA #3804 ENTR','EC CEM GUAYAQUIL','GUAYAS - GUAYAQUIL','VENEZUELA #3804 ENTRE LA 12 Y  CALLE','RETIRADO','505629516','4583110514'),(559,'27.10.2023','019-005-001165392','4-2465649','16.11.2023','6133582 - SALVACERO ','0992681845001','SALVACERO CIA. LTDA.','VENEZUELA #3804 ENTR','EC CEM GUAYAQUIL','GUAYAS - GUAYAQUIL','VENEZUELA #3804 ENTRE LA 12 Y  CALLE','RETIRADO','505629515','4583110511'),(560,'27.10.2023','019-005-001165378','4-2465649','16.11.2023','6133582 - SALVACERO ','0992681845001','SALVACERO CIA. LTDA.','VENEZUELA #3804 ENTR','EC CEM GUAYAQUIL','GUAYAS - GUAYAQUIL','VENEZUELA #3804 ENTRE LA 12 Y  CALLE','RETIRADO','505629514','4583110488'),(561,'27.10.2023','019-005-001165372','4-2465649','16.11.2023','6133582 - SALVACERO ','0992681845001','SALVACERO CIA. LTDA.','VENEZUELA #3804 ENTR','EC CEM GUAYAQUIL','GUAYAS - GUAYAQUIL','VENEZUELA #3804 ENTRE LA 12 Y  CALLE','RETIRADO','505628699','4583110481'),(562,'27.10.2023','019-005-001165367','4-2465649','16.11.2023','6133582 - SALVACERO ','0992681845001','SALVACERO CIA. LTDA.','VENEZUELA #3804 ENTR','EC CEM GUAYAQUIL','GUAYAS - GUAYAQUIL','VENEZUELA #3804 ENTRE LA 12 Y  CALLE','RETIRADO','505628698','4583110476'),(563,'27.10.2023','019-005-001165361','4-2465649','16.11.2023','6133582 - SALVACERO ','0992681845001','SALVACERO CIA. LTDA.','VENEZUELA #3804 ENTR','EC CEM GUAYAQUIL','GUAYAS - GUAYAQUIL','VENEZUELA #3804 ENTRE LA 12 Y  CALLE','RETIRADO','505628697','4583110470'),(564,'27.10.2023','019-005-001165359','4-2465649','16.11.2023','6133582 - SALVACERO ','0992681845001','SALVACERO CIA. LTDA.','VENEZUELA #3804 ENTR','EC CEM GUAYAQUIL','GUAYAS - GUAYAQUIL','VENEZUELA #3804 ENTRE LA 12 Y  CALLE','RETIRADO','505628695','4583110468'),(565,'27.10.2023','019-005-001165355','4-2465649','16.11.2023','6133582 - SALVACERO ','0992681845001','SALVACERO CIA. LTDA.','VENEZUELA #3804 ENTR','EC CEM GUAYAQUIL','GUAYAS - GUAYAQUIL','VENEZUELA #3804 ENTRE LA 12 Y  CALLE','RETIRADO','505628694','4583110464'),(566,'27.10.2023','019-005-001165349','4-2465649','16.11.2023','6133582 - SALVACERO ','0992681845001','SALVACERO CIA. LTDA.','VENEZUELA #3804 ENTR','EC CEM GUAYAQUIL','GUAYAS - GUAYAQUIL','VENEZUELA #3804 ENTRE LA 12 Y  CALLE','RETIRADO','505628693','4583110458'),(567,'26.10.2023','019-005-001164832','4-2465649','15.11.2023','6133582 - SALVACERO ','0992681845001','SALVACERO CIA. LTDA.','VENEZUELA #3804 ENTR','SUMINISTRADOR ANDEC','GUAYAS - GUAYAQUIL','VENEZUELA #3804 ENTRE LA 12 Y  CALLE','ENTREGADO','505621037','4583109857');
/*!40000 ALTER TABLE `guias` ENABLE KEYS */;
UNLOCK TABLES;

--
-- Table structure for table `guias_detalle`
--

DROP TABLE IF EXISTS `guias_detalle`;
/*!40101 SET @saved_cs_client     = @@character_set_client */;
/*!40101 SET character_set_client = utf8 */;
CREATE TABLE `guias_detalle` (
  `ID` int(11) NOT NULL AUTO_INCREMENT,
  `PEDIDO_INTERNO` varchar(20) DEFAULT NULL,
  `ORD` varchar(20) DEFAULT NULL,
  `CODIGO` varchar(50) DEFAULT NULL,
  `DESCRIPCION` varchar(500) DEFAULT NULL,
  `UNIDAD` varchar(20) DEFAULT NULL,
  `POR_DESPACHAR` varchar(20) DEFAULT NULL,
  `DESPACHADA` varchar(100) DEFAULT NULL,
  `ENTREGADA` varchar(100) DEFAULT NULL,
  PRIMARY KEY (`ID`)
) ENGINE=InnoDB AUTO_INCREMENT=650 DEFAULT CHARSET=utf8mb4;
/*!40101 SET character_set_client = @saved_cs_client */;

--
-- Dumping data for table `guias_detalle`
--

LOCK TABLES `guias_detalle` WRITE;
/*!40000 ALTER TABLE `guias_detalle` DISABLE KEYS */;
INSERT INTO `guias_detalle` VALUES (440,'505414127-110','110','10016416','Cemento Holcim Fuerte Tipo GU 50Kg','SAC','200.00','',''),(441,'505414127-050','050','10016416','Cemento Holcim Fuerte Tipo GU 50Kg','SAC','400.00','',''),(442,'505414127-020','020','10016416','Cemento Holcim Fuerte Tipo GU 50Kg','SAC','400.00','',''),(443,'505414127-010','010','10016416','Cemento Holcim Fuerte Tipo GU 50Kg','SAC','400.00','',''),(444,'505414127-100','100','10016416','Cemento Holcim Fuerte Tipo GU 50Kg','SAC','400.00','',''),(445,'505414127-120','120','10016416','Cemento Holcim Fuerte Tipo GU 50Kg','SAC','200.00','',''),(446,'505414127-090','090','10016416','Cemento Holcim Fuerte Tipo GU 50Kg','SAC','400.00','',''),(447,'505414127-080','080','10016416','Cemento Holcim Fuerte Tipo GU 50Kg','SAC','400.00','',''),(448,'505414127-060','060','10016416','Cemento Holcim Fuerte Tipo GU 50Kg','SAC','400.00','',''),(449,'505414127-070','070','10016416','Cemento Holcim Fuerte Tipo GU 50Kg','SAC','400.00','',''),(450,'505414127-040','040','10016416','Cemento Holcim Fuerte Tipo GU 50Kg','SAC','400.00','',''),(451,'505414127-030','030','10016416','Cemento Holcim Fuerte Tipo GU 50Kg','SAC','400.00','',''),(452,'505414153-030','030','91001874','Varilla Corrugada 12mm x 12m ANDEC','UN','2,300.00','',''),(453,'505414153-010','010','91001868','Varilla Corrugada 08mm x 12m ANDEC','UN','2,500.00','',''),(454,'505414153-020','020','91001871','Varilla Corrugada 10mm x 12m ANDEC','UN','1,650.00','',''),(455,'505420198-280','280','10016416','Cemento Holcim Fuerte Tipo GU 50Kg','SAC','160.00','',''),(456,'505420198-200','200','10016416','Cemento Holcim Fuerte Tipo GU 50Kg','SAC','200.00','',''),(457,'505420198-190','190','10016416','Cemento Holcim Fuerte Tipo GU 50Kg','SAC','200.00','',''),(458,'505420198-180','180','10016416','Cemento Holcim Fuerte Tipo GU 50Kg','SAC','400.00','',''),(459,'505420198-170','170','10016416','Cemento Holcim Fuerte Tipo GU 50Kg','SAC','400.00','',''),(460,'505420198-160','160','10016416','Cemento Holcim Fuerte Tipo GU 50Kg','SAC','400.00','',''),(461,'505420198-150','150','10016416','Cemento Holcim Fuerte Tipo GU 50Kg','SAC','400.00','',''),(462,'505420198-130','130','10016416','Cemento Holcim Fuerte Tipo GU 50Kg','SAC','400.00','',''),(463,'505420198-120','120','10016416','Cemento Holcim Fuerte Tipo GU 50Kg','SAC','400.00','',''),(464,'505420198-010','010','10016416','Cemento Holcim Fuerte Tipo GU 50Kg','SAC','400.00','',''),(465,'505420198-020','020','10016416','Cemento Holcim Fuerte Tipo GU 50Kg','SAC','400.00','',''),(466,'505420198-270','270','10016416','Cemento Holcim Fuerte Tipo GU 50Kg','SAC','160.00','',''),(467,'505420198-030','030','10016416','Cemento Holcim Fuerte Tipo GU 50Kg','SAC','400.00','',''),(468,'505420198-060','060','10016416','Cemento Holcim Fuerte Tipo GU 50Kg','SAC','400.00','',''),(469,'505420198-040','040','10016416','Cemento Holcim Fuerte Tipo GU 50Kg','SAC','400.00','',''),(470,'505420198-070','070','10016416','Cemento Holcim Fuerte Tipo GU 50Kg','SAC','400.00','',''),(471,'505420198-110','110','10016416','Cemento Holcim Fuerte Tipo GU 50Kg','SAC','400.00','',''),(472,'505420198-100','100','10016416','Cemento Holcim Fuerte Tipo GU 50Kg','SAC','400.00','',''),(473,'505420198-090','090','10016416','Cemento Holcim Fuerte Tipo GU 50Kg','SAC','400.00','',''),(474,'505420198-080','080','10016416','Cemento Holcim Fuerte Tipo GU 50Kg','SAC','400.00','',''),(475,'505420198-050','050','10016416','Cemento Holcim Fuerte Tipo GU 50Kg','SAC','400.00','',''),(476,'505420198-260','260','10016416','Cemento Holcim Fuerte Tipo GU 50Kg','SAC','160.00','',''),(477,'505420198-250','250','10016416','Cemento Holcim Fuerte Tipo GU 50Kg','SAC','160.00','',''),(478,'505420198-240','240','10016416','Cemento Holcim Fuerte Tipo GU 50Kg','SAC','160.00','',''),(479,'505420198-230','230','10016416','Cemento Holcim Fuerte Tipo GU 50Kg','SAC','200.00','',''),(480,'505420198-140','140','10016416','Cemento Holcim Fuerte Tipo GU 50Kg','SAC','400.00','',''),(481,'505420198-220','220','10016416','Cemento Holcim Fuerte Tipo GU 50Kg','SAC','200.00','',''),(482,'505420198-210','210','10016416','Cemento Holcim Fuerte Tipo GU 50Kg','SAC','200.00','',''),(483,'505420824-010','010','91001871','Varilla Corrugada 10mm x 12m ANDEC','UN','990.00','',''),(484,'505420824-030','030','91001877','Varilla Corrugada 14mm x 12m ANDEC','UN','170.00','',''),(485,'505420824-020','020','91001874','Varilla Corrugada 12mm x 12m ANDEC','UN','690.00','',''),(486,'505589142','01','10016416','Cemento Holcim Fuerte Tipo GU 50Kg - GU','SAC','320.00','',''),(487,'505588891','01','91012492','Enlumax Proyectable Estructural 240 40Kg','SAC','140.00','',''),(488,'505588891','02','91023754','Chapisco Dual Gris 25Kg','SAC','10.00','',''),(489,'505585860','01','10016416','Cemento Holcim Fuerte Tipo GU 50Kg - GU','SAC','400.00','',''),(490,'505585859','01','10016416','Cemento Holcim Fuerte Tipo GU 50Kg - GU','SAC','400.00','',''),(491,'505585858','01','10016416','Cemento Holcim Fuerte Tipo GU 50Kg - GU','SAC','400.00','',''),(492,'505585857','01','10016416','Cemento Holcim Fuerte Tipo GU 50Kg - GU','SAC','400.00','',''),(493,'505585856','01','10016416','Cemento Holcim Fuerte Tipo GU 50Kg - GU','SAC','400.00','',''),(494,'505585855','01','10016416','Cemento Holcim Fuerte Tipo GU 50Kg - GU','SAC','400.00','',''),(495,'505585854','01','10016416','Cemento Holcim Fuerte Tipo GU 50Kg - GU','SAC','400.00','',''),(496,'505585555','01','10016416','Cemento Holcim Fuerte Tipo GU 50Kg - GU','SAC','400.00','',''),(497,'505574711','01','91011527','Sikament N 100 de 10 Kg','UN','1.00','',''),(498,'505567357','01','91010984','Bondex Premium Porcelanato 25Kg','SAC','160.00','',''),(499,'505567339','01','91011000','Pegablok Tipo N 40Kg','SAC','196.00','',''),(500,'505566762','01','10016416','Cemento Holcim Fuerte Tipo GU 50Kg - GU','SAC','360.00','',''),(501,'505563608','01','10016416','Cemento Holcim Fuerte Tipo GU 50Kg - GU','SAC','200.00','',''),(502,'505562596','01','91025699','Groutex Epoxico Cafe Oscuro 6Kg','UN','1.00','',''),(503,'505557720','01','10016416','Cemento Holcim Fuerte Tipo GU 50Kg - GU','SAC','200.00','',''),(504,'505555666','01','10016416','Cemento Holcim Fuerte Tipo GU 50Kg - GU','SAC','320.00','',''),(505,'505555665','01','10016416','Cemento Holcim Fuerte Tipo GU 50Kg - GU','SAC','320.00','',''),(506,'505551035','01','10016416','Cemento Holcim Fuerte Tipo GU 50Kg - GU','SAC','640.00','',''),(507,'505550651','01','10016416','Cemento Holcim Fuerte Tipo GU 50Kg - GU','SAC','320.00','',''),(508,'505549904','01','10016416','Cemento Holcim Fuerte Tipo GU 50Kg - GU','SAC','200.00','',''),(509,'505548945','01','10016416','Cemento Holcim Fuerte Tipo GU 50Kg - GU','SAC','640.00','',''),(510,'505545281','01','10016416','Cemento Holcim Fuerte Tipo GU 50Kg - GU','SAC','400.00','',''),(511,'505545280','01','10016416','Cemento Holcim Fuerte Tipo GU 50Kg - GU','SAC','400.00','',''),(512,'505545279','01','10016416','Cemento Holcim Fuerte Tipo GU 50Kg - GU','SAC','400.00','',''),(513,'505545071','01','10016416','Cemento Holcim Fuerte Tipo GU 50Kg - GU','SAC','160.00','',''),(514,'505544261','01','10016416','Cemento Holcim Fuerte Tipo GU 50Kg - GU','SAC','400.00','',''),(515,'505544081','01','91010991','Enlumax Capa Gruesa 40Kg','SAC','300.00','',''),(516,'505542699','01','10016416','Cemento Holcim Fuerte Tipo GU 50Kg - GU','SAC','400.00','',''),(517,'505545146-020','020','10016416','Cemento Holcim Fuerte Tipo GU 50Kg','SAC','400.00','',''),(518,'505545146-010','010','10016416','Cemento Holcim Fuerte Tipo GU 50Kg','SAC','400.00','',''),(519,'505545158-010','010','10016416','Cemento Holcim Fuerte Tipo GU 50Kg','SAC','400.00','',''),(520,'505545158-040','040','10016416','Cemento Holcim Fuerte Tipo GU 50Kg','SAC','400.00','',''),(521,'505545158-030','030','10016416','Cemento Holcim Fuerte Tipo GU 50Kg','SAC','400.00','',''),(522,'505545158-020','020','10016416','Cemento Holcim Fuerte Tipo GU 50Kg','SAC','400.00','',''),(523,'505557260-010','010','10016416','Cemento Holcim Fuerte Tipo GU 50Kg','SAC','400.00','',''),(524,'505557260-040','040','10016416','Cemento Holcim Fuerte Tipo GU 50Kg','SAC','400.00','',''),(525,'505557260-030','030','10016416','Cemento Holcim Fuerte Tipo GU 50Kg','SAC','400.00','',''),(526,'505557260-020','020','10016416','Cemento Holcim Fuerte Tipo GU 50Kg','SAC','400.00','',''),(527,'505557356-020','020','10016416','Cemento Holcim Fuerte Tipo GU 50Kg','SAC','400.00','',''),(528,'505557356-100','100','10016416','Cemento Holcim Fuerte Tipo GU 50Kg','SAC','320.00','',''),(529,'505557356-110','110','10016416','Cemento Holcim Fuerte Tipo GU 50Kg','SAC','320.00','',''),(530,'505557356-060','060','10016416','Cemento Holcim Fuerte Tipo GU 50Kg','SAC','400.00','',''),(531,'505557356-010','010','10016416','Cemento Holcim Fuerte Tipo GU 50Kg','SAC','400.00','',''),(532,'505557356-030','030','10016416','Cemento Holcim Fuerte Tipo GU 50Kg','SAC','400.00','',''),(533,'505557356-040','040','10016416','Cemento Holcim Fuerte Tipo GU 50Kg','SAC','400.00','',''),(534,'505557356-050','050','10016416','Cemento Holcim Fuerte Tipo GU 50Kg','SAC','400.00','',''),(535,'505557356-120','120','10016416','Cemento Holcim Fuerte Tipo GU 50Kg','SAC','320.00','',''),(536,'505557356-070','070','10016416','Cemento Holcim Fuerte Tipo GU 50Kg','SAC','400.00','',''),(537,'505557356-080','080','10016416','Cemento Holcim Fuerte Tipo GU 50Kg','SAC','400.00','',''),(538,'505557356-090','090','10016416','Cemento Holcim Fuerte Tipo GU 50Kg','SAC','320.00','',''),(539,'505568156-010','010','10016416','Cemento Holcim Fuerte Tipo GU 50Kg','SAC','360.00','',''),(540,'505568156-020','020','10016416','Cemento Holcim Fuerte Tipo GU 50Kg','SAC','360.00','',''),(541,'505568156-060','060','10016416','Cemento Holcim Fuerte Tipo GU 50Kg','SAC','400.00','',''),(542,'505568156-040','040','10016416','Cemento Holcim Fuerte Tipo GU 50Kg','SAC','400.00','',''),(543,'505568156-050','050','10016416','Cemento Holcim Fuerte Tipo GU 50Kg','SAC','400.00','',''),(544,'505568156-030','030','10016416','Cemento Holcim Fuerte Tipo GU 50Kg','SAC','360.00','',''),(545,'505581049-020','020','91001868','Varilla Corrugada 08mm x 12m ANDEC','UN','500.00','',''),(546,'505581049-010','010','91001874','Varilla Corrugada 12mm x 12m ANDEC','UN','690.00','',''),(547,'505581141-040','040','10016416','Cemento Holcim Fuerte Tipo GU 50Kg','SAC','360.00','',''),(548,'505581141-030','030','10016416','Cemento Holcim Fuerte Tipo GU 50Kg','SAC','360.00','',''),(549,'505581141-020','020','10016416','Cemento Holcim Fuerte Tipo GU 50Kg','SAC','360.00','',''),(550,'505581141-010','010','10016416','Cemento Holcim Fuerte Tipo GU 50Kg','SAC','360.00','',''),(551,'505585144-070','070','91001396','Tubo Desague EC 075 mm x 3 m PGM','UN','40.00','',''),(552,'505585144-060','060','91001395','Tubo Desague EC 050 mm x 3 m PGM','UN','150.00','',''),(553,'505585144-080','080','91002598','Yee Desague 110 mm PGM','UN','40.00','',''),(554,'505585144-050','050','91001388','Tubo Desague EC 110 mm x 3 m PGM','UN','300.00','',''),(555,'505585144-020','020','91002291','Codo Desague E/C 050 mm x 90 PGM','UN','240.00','',''),(556,'505585144-030','030','91002529','Sifon Desague 110 mm PGM','UN','14.00','',''),(557,'505585144-010','010','91002287','Codo Desague E/C 110 mm x 90 PGM','UN','100.00','',''),(558,'505585144-040','040','91002368','Tee Desague Reductora 110 mm a 50 m','UN','40.00','',''),(559,'505585895-020','020','10016416','Cemento Holcim Fuerte Tipo GU 50Kg','SAC','400.00','',''),(560,'505585895-010','010','10016416','Cemento Holcim Fuerte Tipo GU 50Kg','SAC','400.00','',''),(561,'505596195-120','120','10016416','Cemento Holcim Fuerte Tipo GU 50Kg','SAC','360.00','',''),(562,'505596195-110','110','10016416','Cemento Holcim Fuerte Tipo GU 50Kg','SAC','360.00','',''),(563,'505596195-010','010','10016416','Cemento Holcim Fuerte Tipo GU 50Kg','SAC','400.00','',''),(564,'505596195-050','050','10016416','Cemento Holcim Fuerte Tipo GU 50Kg','SAC','400.00','',''),(565,'505596195-100','100','10016416','Cemento Holcim Fuerte Tipo GU 50Kg','SAC','360.00','',''),(566,'505596195-020','020','10016416','Cemento Holcim Fuerte Tipo GU 50Kg','SAC','400.00','',''),(567,'505596195-030','030','10016416','Cemento Holcim Fuerte Tipo GU 50Kg','SAC','400.00','',''),(568,'505596195-040','040','10016416','Cemento Holcim Fuerte Tipo GU 50Kg','SAC','400.00','',''),(569,'505596195-060','060','10016416','Cemento Holcim Fuerte Tipo GU 50Kg','SAC','400.00','',''),(570,'505596195-070','070','10016416','Cemento Holcim Fuerte Tipo GU 50Kg','SAC','400.00','',''),(571,'505596195-080','080','10016416','Cemento Holcim Fuerte Tipo GU 50Kg','SAC','400.00','',''),(572,'505596195-090','090','10016416','Cemento Holcim Fuerte Tipo GU 50Kg','SAC','360.00','',''),(573,'505533092','01','10016416','Cemento Holcim Fuerte Tipo GU 50Kg - GU','SAC','400.00','',''),(574,'505533091','01','10016416','Cemento Holcim Fuerte Tipo GU 50Kg - GU','SAC','400.00','',''),(575,'505533090','01','10016416','Cemento Holcim Fuerte Tipo GU 50Kg - GU','SAC','400.00','',''),(576,'505532516','01','10016416','Cemento Holcim Fuerte Tipo GU 50Kg - GU','SAC','400.00','',''),(577,'505532515','01','10016416','Cemento Holcim Fuerte Tipo GU 50Kg - GU','SAC','320.00','',''),(578,'505532513','01','10016416','Cemento Holcim Fuerte Tipo GU 50Kg - GU','SAC','400.00','',''),(579,'505531228','01','91023772','Elastocoat Acri Blanco 26.8Kg Con Fibra','SAC','3.00','',''),(580,'505528167','01','10016416','Cemento Holcim Fuerte Tipo GU 50Kg - GU','SAC','400.00','',''),(581,'505528166','01','10016416','Cemento Holcim Fuerte Tipo GU 50Kg - GU','SAC','400.00','',''),(582,'505528165','01','10016416','Cemento Holcim Fuerte Tipo GU 50Kg - GU','SAC','400.00','',''),(583,'505528061','01','91001874','Varilla Corrugada 12mm x 12m ANDEC','UN','230.00','',''),(584,'505524275','01','10016416','Cemento Holcim Fuerte Tipo GU 50Kg - GU','SAC','360.00','',''),(585,'505522495','01','10016416','Cemento Holcim Fuerte Tipo GU 50Kg - GU','SAC','400.00','',''),(586,'505522492','01','10016416','Cemento Holcim Fuerte Tipo GU 50Kg - GU','SAC','400.00','',''),(587,'505522491','01','10016416','Cemento Holcim Fuerte Tipo GU 50Kg - GU','SAC','400.00','',''),(588,'505520506','01','91001874','Varilla Corrugada 12mm x 12m ANDEC','UN','230.00','',''),(589,'505518525','01','10016416','Cemento Holcim Fuerte Tipo GU 50Kg - GU','SAC','320.00','',''),(590,'505518524','01','10016416','Cemento Holcim Fuerte Tipo GU 50Kg - GU','SAC','320.00','',''),(591,'505515852','01','91001868','Varilla Corrugada 08mm x 12m ANDEC','UN','550.00','',''),(592,'505515408','01','91026243','Maxitex Acrilico Beige 18.4L','UN','1.00','',''),(593,'505515282','01','91026243','Maxitex Acrilico Beige 18.4L','UN','3.00','',''),(594,'505515282','02','91023786','Maxisellador 18.9L','UN','6.00','',''),(595,'505515282','03','91011000','Pegablok Tipo N 40Kg','SAC','245.00','',''),(596,'505514842','01','91022871','Ducha Telefono Llave New Port Spray','UN','3.00','',''),(597,'505514842','02','91012308','Llave Campanola Ducha Fiori Lever Cromo','UN','10.00','',''),(598,'505514842','03','91026526','Combo Roma - Roma - Capri Metal Blanco','UN','4.00','',''),(599,'505512669','01','10016416','Cemento Holcim Fuerte Tipo GU 50Kg - GU','SAC','400.00','',''),(600,'505512668','01','10016416','Cemento Holcim Fuerte Tipo GU 50Kg - GU','SAC','400.00','',''),(601,'505512667','01','10016416','Cemento Holcim Fuerte Tipo GU 50Kg - GU','SAC','400.00','',''),(602,'505512666','01','10016416','Cemento Holcim Fuerte Tipo GU 50Kg - GU','SAC','400.00','',''),(603,'505507555','01','10016416','Cemento Holcim Fuerte Tipo GU 50Kg - GU','SAC','400.00','',''),(604,'505507543','01','10016416','Cemento Holcim Fuerte Tipo GU 50Kg - GU','SAC','400.00','',''),(605,'505507542','01','10016416','Cemento Holcim Fuerte Tipo GU 50Kg - GU','SAC','400.00','',''),(606,'505616264','01','10016416','Cemento Holcim Fuerte Tipo GU 50Kg - GU','SAC','400.00','',''),(607,'505616263','01','10016416','Cemento Holcim Fuerte Tipo GU 50Kg - GU','SAC','400.00','',''),(608,'505616262','01','10016416','Cemento Holcim Fuerte Tipo GU 50Kg - GU','SAC','400.00','',''),(609,'505616072','01','10016416','Cemento Holcim Fuerte Tipo GU 50Kg - GU','SAC','360.00','',''),(610,'505616071','01','10016416','Cemento Holcim Fuerte Tipo GU 50Kg - GU','SAC','360.00','',''),(611,'505616070','01','10016416','Cemento Holcim Fuerte Tipo GU 50Kg - GU','SAC','360.00','',''),(612,'505616069','01','10016416','Cemento Holcim Fuerte Tipo GU 50Kg - GU','SAC','360.00','',''),(613,'505616068','01','10016416','Cemento Holcim Fuerte Tipo GU 50Kg - GU','SAC','360.00','',''),(614,'505615955','01','10016416','Cemento Holcim Fuerte Tipo GU 50Kg - GU','SAC','400.00','',''),(615,'505615954','01','10016416','Cemento Holcim Fuerte Tipo GU 50Kg - GU','SAC','400.00','',''),(616,'505615953','01','10016416','Cemento Holcim Fuerte Tipo GU 50Kg - GU','SAC','400.00','',''),(617,'505615952','01','10016416','Cemento Holcim Fuerte Tipo GU 50Kg - GU','SAC','400.00','',''),(618,'505615950','01','10016416','Cemento Holcim Fuerte Tipo GU 50Kg - GU','SAC','400.00','',''),(619,'505615949','01','10016416','Cemento Holcim Fuerte Tipo GU 50Kg - GU','SAC','400.00','',''),(620,'505615948','01','10016416','Cemento Holcim Fuerte Tipo GU 50Kg - GU','SAC','400.00','',''),(621,'505610823','01','10016416','Cemento Holcim Fuerte Tipo GU 50Kg - GU','SAC','360.00','',''),(622,'505610822','01','10016416','Cemento Holcim Fuerte Tipo GU 50Kg - GU','SAC','360.00','',''),(623,'505610388','01','10016416','Cemento Holcim Fuerte Tipo GU 50Kg - GU','SAC','400.00','',''),(624,'505610387','01','10016416','Cemento Holcim Fuerte Tipo GU 50Kg - GU','SAC','400.00','',''),(625,'505610385','01','10016416','Cemento Holcim Fuerte Tipo GU 50Kg - GU','SAC','400.00','',''),(626,'505610384','01','10016416','Cemento Holcim Fuerte Tipo GU 50Kg - GU','SAC','400.00','',''),(627,'505605665','01','10016416','Cemento Holcim Fuerte Tipo GU 50Kg - GU','SAC','400.00','',''),(628,'505605664','01','10016416','Cemento Holcim Fuerte Tipo GU 50Kg - GU','SAC','400.00','',''),(629,'505605663','01','10016416','Cemento Holcim Fuerte Tipo GU 50Kg - GU','SAC','400.00','',''),(630,'505605662','01','10016416','Cemento Holcim Fuerte Tipo GU 50Kg - GU','SAC','400.00','',''),(631,'505605661','01','10016416','Cemento Holcim Fuerte Tipo GU 50Kg - GU','SAC','400.00','',''),(632,'505605660','01','10016416','Cemento Holcim Fuerte Tipo GU 50Kg - GU','SAC','400.00','',''),(633,'505601739','01','10016416','Cemento Holcim Fuerte Tipo GU 50Kg - GU','SAC','640.00','',''),(634,'505601270','01','10016416','Cemento Holcim Fuerte Tipo GU 50Kg - GU','SAC','160.00','',''),(635,'505594811','01','10016416','Cemento Holcim Fuerte Tipo GU 50Kg - GU','SAC','360.00','',''),(636,'505594810','01','10016416','Cemento Holcim Fuerte Tipo GU 50Kg - GU','SAC','360.00','',''),(637,'505631234','01','10016416','Cemento Holcim Fuerte Tipo GU 50Kg - GU','SAC','640.00','',''),(638,'505631233','01','10016416','Cemento Holcim Fuerte Tipo GU 50Kg - GU','SAC','640.00','',''),(639,'505629516','01','10016416','Cemento Holcim Fuerte Tipo GU 50Kg - GU','SAC','360.00','',''),(640,'505629515','01','10016416','Cemento Holcim Fuerte Tipo GU 50Kg - GU','SAC','360.00','',''),(641,'505629514','01','10016416','Cemento Holcim Fuerte Tipo GU 50Kg - GU','SAC','360.00','',''),(642,'505628699','01','10016416','Cemento Holcim Fuerte Tipo GU 50Kg - GU','SAC','400.00','',''),(643,'505628698','01','10016416','Cemento Holcim Fuerte Tipo GU 50Kg - GU','SAC','400.00','',''),(644,'505628697','01','10016416','Cemento Holcim Fuerte Tipo GU 50Kg - GU','SAC','400.00','',''),(645,'505628695','01','10016416','Cemento Holcim Fuerte Tipo GU 50Kg - GU','SAC','400.00','',''),(646,'505628694','01','10016416','Cemento Holcim Fuerte Tipo GU 50Kg - GU','SAC','400.00','',''),(647,'505628693','01','10016416','Cemento Holcim Fuerte Tipo GU 50Kg - GU','SAC','400.00','',''),(648,'505621037','01','91001868','Varilla Corrugada 08mm x 12m ANDEC','UN','500.00','',''),(649,'505621037','02','91001871','Varilla Corrugada 10mm x 12m ANDEC','UN','330.00','','');
/*!40000 ALTER TABLE `guias_detalle` ENABLE KEYS */;
UNLOCK TABLES;

--
-- Table structure for table `sis_menu`
--

DROP TABLE IF EXISTS `sis_menu`;
/*!40101 SET @saved_cs_client     = @@character_set_client */;
/*!40101 SET character_set_client = utf8 */;
CREATE TABLE `sis_menu` (
  `menu_ID` int(11) NOT NULL AUTO_INCREMENT,
  `Nombre` varchar(50) DEFAULT NULL,
  `ruta` varchar(500) DEFAULT NULL,
  `icono` varchar(50) DEFAULT NULL,
  `vista` varchar(1000) DEFAULT NULL,
  `variable` varchar(100) DEFAULT NULL,
  PRIMARY KEY (`menu_ID`)
) ENGINE=InnoDB AUTO_INCREMENT=6 DEFAULT CHARSET=utf8mb4;
/*!40101 SET character_set_client = @saved_cs_client */;

--
-- Dumping data for table `sis_menu`
--

LOCK TABLES `sis_menu` WRITE;
/*!40000 ALTER TABLE `sis_menu` DISABLE KEYS */;
INSERT INTO `sis_menu` VALUES (1,'Dashboard','dashboard','cilSpeedometer','dashboard/Dashboard','dashboard'),(2,'Despacho','despacho','cilNotes',NULL,NULL),(3,'Mantenimiento','mantenimiento','cilPuzzle',NULL,NULL),(4,'Facturas','Facuras','cilPuzzle','facturas/Facturas','facturas'),(5,'Desarrollo','desarrollo','cilPuzzle',NULL,'');
/*!40000 ALTER TABLE `sis_menu` ENABLE KEYS */;
UNLOCK TABLES;

--
-- Table structure for table `sis_parametros`
--

DROP TABLE IF EXISTS `sis_parametros`;
/*!40101 SET @saved_cs_client     = @@character_set_client */;
/*!40101 SET character_set_client = utf8 */;
CREATE TABLE `sis_parametros` (
  `ID` int(11) NOT NULL AUTO_INCREMENT,
  `parametro_nombre` varchar(50) DEFAULT NULL,
  `paramentro_valor` float DEFAULT NULL,
  PRIMARY KEY (`ID`)
) ENGINE=InnoDB AUTO_INCREMENT=2 DEFAULT CHARSET=utf8mb4;
/*!40101 SET character_set_client = @saved_cs_client */;

--
-- Dumping data for table `sis_parametros`
--

LOCK TABLES `sis_parametros` WRITE;
/*!40000 ALTER TABLE `sis_parametros` DISABLE KEYS */;
INSERT INTO `sis_parametros` VALUES (1,'IVA',12);
/*!40000 ALTER TABLE `sis_parametros` ENABLE KEYS */;
UNLOCK TABLES;

--
-- Table structure for table `sis_submenu`
--

DROP TABLE IF EXISTS `sis_submenu`;
/*!40101 SET @saved_cs_client     = @@character_set_client */;
/*!40101 SET character_set_client = utf8 */;
CREATE TABLE `sis_submenu` (
  `submenu_ID` int(11) NOT NULL AUTO_INCREMENT,
  `padre_id` int(11) DEFAULT NULL,
  `sub_nombre` varchar(200) DEFAULT NULL,
  `ruta` varchar(500) DEFAULT NULL,
  `icono` varchar(50) DEFAULT NULL,
  `vista` varchar(1000) DEFAULT NULL,
  `variable` varchar(100) DEFAULT NULL,
  PRIMARY KEY (`submenu_ID`)
) ENGINE=InnoDB AUTO_INCREMENT=7 DEFAULT CHARSET=utf8mb4;
/*!40101 SET character_set_client = @saved_cs_client */;

--
-- Dumping data for table `sis_submenu`
--

LOCK TABLES `sis_submenu` WRITE;
/*!40000 ALTER TABLE `sis_submenu` DISABLE KEYS */;
INSERT INTO `sis_submenu` VALUES (1,2,'Ingresar Guia','despacho/guias',NULL,'despacho/guias/Guias','guias'),(2,2,'Administrar Guias','despacho/administrar',NULL,'despacho/administrar/Administrar','administracion'),(3,3,'Usuarios','mantenimiento/usuarios',NULL,'mantenimiento/usuarios/Usuarios','usuarios'),(4,3,'Clientes','mantenimiento/clientes',NULL,'mantenimiento/clientes/Clientes','clientes'),(5,5,'Scrapys','desarrollo/scrapy',NULL,'desarrollo/scrapy/Scrapy','scrapy'),(6,3,'Choferes','mantenimiento/choferes',NULL,'mantenimiento/choferes/Choferes','choferes');
/*!40000 ALTER TABLE `sis_submenu` ENABLE KEYS */;
UNLOCK TABLES;

--
-- Table structure for table `sis_sucursales`
--

DROP TABLE IF EXISTS `sis_sucursales`;
/*!40101 SET @saved_cs_client     = @@character_set_client */;
/*!40101 SET character_set_client = utf8 */;
CREATE TABLE `sis_sucursales` (
  `ID` int(11) NOT NULL AUTO_INCREMENT,
  `Nombre` varchar(100) DEFAULT NULL,
  `Estado` int(11) DEFAULT 1,
  `fecha_creado` datetime NOT NULL DEFAULT current_timestamp(),
  `creado_por` varchar(20) DEFAULT NULL,
  PRIMARY KEY (`ID`)
) ENGINE=InnoDB AUTO_INCREMENT=2 DEFAULT CHARSET=utf8mb4;
/*!40101 SET character_set_client = @saved_cs_client */;

--
-- Dumping data for table `sis_sucursales`
--

LOCK TABLES `sis_sucursales` WRITE;
/*!40000 ALTER TABLE `sis_sucursales` DISABLE KEYS */;
INSERT INTO `sis_sucursales` VALUES (1,'GUAYAQUIL',1,'2023-10-11 23:32:49','JALVARADO');
/*!40000 ALTER TABLE `sis_sucursales` ENABLE KEYS */;
UNLOCK TABLES;

--
-- Table structure for table `sis_usuario_accesos`
--

DROP TABLE IF EXISTS `sis_usuario_accesos`;
/*!40101 SET @saved_cs_client     = @@character_set_client */;
/*!40101 SET character_set_client = utf8 */;
CREATE TABLE `sis_usuario_accesos` (
  `usuario_ID` int(11) DEFAULT NULL,
  `menu_ID` int(11) DEFAULT NULL,
  `submenu_ID` int(11) DEFAULT NULL
) ENGINE=InnoDB DEFAULT CHARSET=utf8mb4;
/*!40101 SET character_set_client = @saved_cs_client */;

--
-- Dumping data for table `sis_usuario_accesos`
--

LOCK TABLES `sis_usuario_accesos` WRITE;
/*!40000 ALTER TABLE `sis_usuario_accesos` DISABLE KEYS */;
INSERT INTO `sis_usuario_accesos` VALUES (1,1,NULL),(1,2,NULL),(1,2,1),(1,2,2),(1,3,NULL),(1,3,3),(1,3,4),(1,3,6),(1,5,NULL),(1,5,5),(6,1,NULL),(6,2,NULL),(6,2,2),(6,3,NULL),(6,3,3),(6,3,4),(6,3,6);
/*!40000 ALTER TABLE `sis_usuario_accesos` ENABLE KEYS */;
UNLOCK TABLES;

--
-- Table structure for table `us_choferes`
--

DROP TABLE IF EXISTS `us_choferes`;
/*!40101 SET @saved_cs_client     = @@character_set_client */;
/*!40101 SET character_set_client = utf8 */;
CREATE TABLE `us_choferes` (
  `ID` int(11) NOT NULL AUTO_INCREMENT,
  `usuario_id` int(11) DEFAULT NULL,
  `PLACA` varchar(10) DEFAULT NULL,
  `ESTADO` int(11) DEFAULT 1,
  `FECHA_CREADO` datetime NOT NULL DEFAULT current_timestamp(),
  `CREADO_POR` varchar(20) DEFAULT NULL,
  PRIMARY KEY (`ID`)
) ENGINE=InnoDB AUTO_INCREMENT=5 DEFAULT CHARSET=utf8mb4;
/*!40101 SET character_set_client = @saved_cs_client */;

--
-- Dumping data for table `us_choferes`
--

LOCK TABLES `us_choferes` WRITE;
/*!40000 ALTER TABLE `us_choferes` DISABLE KEYS */;
INSERT INTO `us_choferes` VALUES (1,1,'GBO-7782',1,'2023-10-16 21:59:34','JALVARADO'),(4,6,'GBO-4396',1,'2023-10-20 00:11:50','JALVARADO');
/*!40000 ALTER TABLE `us_choferes` ENABLE KEYS */;
UNLOCK TABLES;

--
-- Table structure for table `us_departamentos`
--

DROP TABLE IF EXISTS `us_departamentos`;
/*!40101 SET @saved_cs_client     = @@character_set_client */;
/*!40101 SET character_set_client = utf8 */;
CREATE TABLE `us_departamentos` (
  `ID` int(11) NOT NULL AUTO_INCREMENT,
  `nombre` varchar(20) DEFAULT NULL,
  `fecha_creado` datetime NOT NULL DEFAULT current_timestamp(),
  `creado_por` varchar(20) DEFAULT NULL,
  `estado` int(11) DEFAULT 1,
  PRIMARY KEY (`ID`)
) ENGINE=InnoDB AUTO_INCREMENT=3 DEFAULT CHARSET=utf8mb4;
/*!40101 SET character_set_client = @saved_cs_client */;

--
-- Dumping data for table `us_departamentos`
--

LOCK TABLES `us_departamentos` WRITE;
/*!40000 ALTER TABLE `us_departamentos` DISABLE KEYS */;
INSERT INTO `us_departamentos` VALUES (1,'DEPARTAMENTO 1','2023-10-11 22:59:06','JALVARADO',1),(2,'SISTEMAS','2023-10-11 22:59:17','JALVARADO',1);
/*!40000 ALTER TABLE `us_departamentos` ENABLE KEYS */;
UNLOCK TABLES;

--
-- Table structure for table `us_usuarios`
--

DROP TABLE IF EXISTS `us_usuarios`;
/*!40101 SET @saved_cs_client     = @@character_set_client */;
/*!40101 SET character_set_client = utf8 */;
CREATE TABLE `us_usuarios` (
  `Usuario_ID` int(11) NOT NULL AUTO_INCREMENT,
  `Usuario` varchar(20) DEFAULT NULL,
  `Nombre` varchar(100) DEFAULT NULL,
  `password` varchar(500) DEFAULT NULL,
  `email` varchar(200) DEFAULT NULL,
  `departamento_id` int(11) DEFAULT NULL,
  `sucursal_id` int(11) DEFAULT NULL,
  `fecha_creado` datetime NOT NULL DEFAULT current_timestamp(),
  `Estado` int(11) DEFAULT 1,
  `fecha_actualizado` datetime DEFAULT NULL ON UPDATE current_timestamp(),
  `actualizado_por` varchar(20) DEFAULT NULL,
  `fecha_desactivado` datetime DEFAULT NULL ON UPDATE current_timestamp(),
  `desactivado_por` varchar(20) DEFAULT NULL,
  PRIMARY KEY (`Usuario_ID`)
) ENGINE=InnoDB AUTO_INCREMENT=7 DEFAULT CHARSET=utf8mb4;
/*!40101 SET character_set_client = @saved_cs_client */;

--
-- Dumping data for table `us_usuarios`
--

LOCK TABLES `us_usuarios` WRITE;
/*!40000 ALTER TABLE `us_usuarios` DISABLE KEYS */;
INSERT INTO `us_usuarios` VALUES (1,'JALVARADO','JORGE ALVARADO','5994471abb01112afcc18159f6cc74b4f511b99806da59b3caf5a9c173cacfc5','jalvaradoe3@gmail.com',2,1,'2023-10-11 23:10:55',1,'2023-10-29 14:40:31',NULL,'2023-10-29 14:40:31',NULL),(6,'prueba','prueba','5994471abb01112afcc18159f6cc74b4f511b99806da59b3caf5a9c173cacfc5','prueba',2,1,'2023-10-19 20:36:15',1,NULL,NULL,NULL,NULL);
/*!40000 ALTER TABLE `us_usuarios` ENABLE KEYS */;
UNLOCK TABLES;

--
-- Table structure for table `us_usuarios_accesos`
--

DROP TABLE IF EXISTS `us_usuarios_accesos`;
/*!40101 SET @saved_cs_client     = @@character_set_client */;
/*!40101 SET character_set_client = utf8 */;
CREATE TABLE `us_usuarios_accesos` (
  `usuario_ID` int(11) DEFAULT NULL,
  `menu_ID` int(11) DEFAULT NULL,
  `submenu_ID` int(11) DEFAULT NULL
) ENGINE=InnoDB DEFAULT CHARSET=utf8mb4;
/*!40101 SET character_set_client = @saved_cs_client */;

--
-- Dumping data for table `us_usuarios_accesos`
--

LOCK TABLES `us_usuarios_accesos` WRITE;
/*!40000 ALTER TABLE `us_usuarios_accesos` DISABLE KEYS */;
INSERT INTO `us_usuarios_accesos` VALUES (6,1,NULL),(6,2,NULL),(6,2,1),(6,2,2),(6,3,NULL),(6,3,3),(6,3,4),(6,3,6),(6,5,NULL),(6,5,5),(1,1,NULL),(1,3,NULL),(1,3,3),(1,3,4),(1,3,6),(1,2,NULL),(1,2,1),(1,2,2),(1,5,NULL),(1,5,5);
/*!40000 ALTER TABLE `us_usuarios_accesos` ENABLE KEYS */;
UNLOCK TABLES;

--
-- Dumping routines for database 'svsys'
--
/*!50003 DROP PROCEDURE IF EXISTS `GUI_GUIAS_DESPACHO_INSERT` */;
/*!50003 SET @saved_cs_client      = @@character_set_client */ ;
/*!50003 SET @saved_cs_results     = @@character_set_results */ ;
/*!50003 SET @saved_col_connection = @@collation_connection */ ;
/*!50003 SET character_set_client  = utf8mb4 */ ;
/*!50003 SET character_set_results = utf8mb4 */ ;
/*!50003 SET collation_connection  = utf8mb4_general_ci */ ;
/*!50003 SET @saved_sql_mode       = @@sql_mode */ ;
/*!50003 SET sql_mode              = 'STRICT_TRANS_TABLES,NO_ZERO_IN_DATE,NO_ZERO_DATE,NO_ENGINE_SUBSTITUTION' */ ;
DELIMITER ;;
CREATE DEFINER=`root`@`localhost` PROCEDURE `GUI_GUIAS_DESPACHO_INSERT`(
in PEDIDO_INTERNO varchar(20),
in CLIENTE_ENTREGA_ID int,
in SERVICIO_ID int,
in DESTINO_ID int,
in CREADO_POR int,
in ESTADO int,
in ESTADO_DESPACHO bit,
in PARCIAL bit,
in PLACA_CAMBIADA bit,
in PLACA_CAMBIADA_NUMERO  varchar(20)
)
begin
	
	INSERT INTO svsys.gui_guias_despachadas
(
	PEDIDO_INTERNO,
	CLIENTE_ENTREGA_ID,
	SERVICIO_ID,
	DESTINO_ID,
	CREADO_POR,
	ESTADO,
	ESTADO_DESPACHO,
	PARCIAL,
	PLACA_CAMBIADA,
	PLACA_CAMBIADA_NUMERO
	
) values
(
	PEDIDO_INTERNO,
	CLIENTE_ENTREGA_ID,
	SERVICIO_ID,
	DESTINO_ID,
	CREADO_POR,
	ESTADO,
	ESTADO_DESPACHO,
	PARCIAL,
	PLACA_CAMBIADA,
	PLACA_CAMBIADA_NUMERO
);

END ;;
DELIMITER ;
/*!50003 SET sql_mode              = @saved_sql_mode */ ;
/*!50003 SET character_set_client  = @saved_cs_client */ ;
/*!50003 SET character_set_results = @saved_cs_results */ ;
/*!50003 SET collation_connection  = @saved_col_connection */ ;
/*!40103 SET TIME_ZONE=@OLD_TIME_ZONE */;

/*!40101 SET SQL_MODE=@OLD_SQL_MODE */;
/*!40014 SET FOREIGN_KEY_CHECKS=@OLD_FOREIGN_KEY_CHECKS */;
/*!40014 SET UNIQUE_CHECKS=@OLD_UNIQUE_CHECKS */;
/*!40101 SET CHARACTER_SET_CLIENT=@OLD_CHARACTER_SET_CLIENT */;
/*!40101 SET CHARACTER_SET_RESULTS=@OLD_CHARACTER_SET_RESULTS */;
/*!40101 SET COLLATION_CONNECTION=@OLD_COLLATION_CONNECTION */;
/*!40111 SET SQL_NOTES=@OLD_SQL_NOTES */;

-- Dump completed on 2023-10-30 17:47:27
