-- MySQL dump 10.13  Distrib 5.5.62, for Win64 (AMD64)
--
-- Host: localhost    Database: svsys
-- ------------------------------------------------------
-- Server version	5.5.5-10.4.24-MariaDB

/*!40101 SET @OLD_CHARACTER_SET_CLIENT=@@CHARACTER_SET_CLIENT */;
/*!40101 SET @OLD_CHARACTER_SET_RESULTS=@@CHARACTER_SET_RESULTS */;
/*!40101 SET @OLD_COLLATION_CONNECTION=@@COLLATION_CONNECTION */;
/*!40101 SET NAMES utf8 */;
/*!40103 SET @OLD_TIME_ZONE=@@TIME_ZONE */;
/*!40103 SET TIME_ZONE='+00:00' */;
/*!40014 SET @OLD_UNIQUE_CHECKS=@@UNIQUE_CHECKS, UNIQUE_CHECKS=0 */;
/*!40014 SET @OLD_FOREIGN_KEY_CHECKS=@@FOREIGN_KEY_CHECKS, FOREIGN_KEY_CHECKS=0 */;
/*!40101 SET @OLD_SQL_MODE=@@SQL_MODE, SQL_MODE='NO_AUTO_VALUE_ON_ZERO' */;
/*!40111 SET @OLD_SQL_NOTES=@@SQL_NOTES, SQL_NOTES=0 */;

--
-- Table structure for table `cli_clientes`
--

DROP TABLE IF EXISTS `cli_clientes`;
/*!40101 SET @saved_cs_client     = @@character_set_client */;
/*!40101 SET character_set_client = utf8 */;
CREATE TABLE `cli_clientes` (
  `ID` int(11) NOT NULL AUTO_INCREMENT,
  `CLIENTE_RUC` varchar(20) DEFAULT NULL,
  `CLIENTE_NOMBRE` varchar(500) DEFAULT NULL,
  `CLIENTE_RAZON_SOCIAL` varchar(500) DEFAULT NULL,
  `CLIENTE_PROVINCIA_ID` varchar(10) DEFAULT NULL,
  `CLIENTE_PROVINCIA_NOMBRE` varchar(50) DEFAULT NULL,
  `CLIENTE_CIUDAD` varchar(50) DEFAULT NULL,
  `CLIENTE_DIRECCION` varchar(200) DEFAULT NULL,
  `CLIENTE_DIRECCION_DESPACHO` varchar(500) DEFAULT NULL,
  `CLIENTE_EMAIL` varchar(100) DEFAULT NULL,
  `CLIENTE_TELEFONO` varchar(20) DEFAULT NULL,
  `estado` int(11) DEFAULT 1,
  `creado_por` varchar(20) DEFAULT NULL,
  `fecha_creado` datetime NOT NULL DEFAULT current_timestamp(),
  PRIMARY KEY (`ID`)
) ENGINE=InnoDB AUTO_INCREMENT=20 DEFAULT CHARSET=utf8mb4;
/*!40101 SET character_set_client = @saved_cs_client */;

--
-- Dumping data for table `cli_clientes`
--

LOCK TABLES `cli_clientes` WRITE;
/*!40000 ALTER TABLE `cli_clientes` DISABLE KEYS */;
INSERT INTO `cli_clientes` VALUES (15,'0931531115','CLIENTE 1','JORGE ALVARADO','04','Carchi','Bolívar','aw','wad','awd','awd',1,'JALVARADO','2023-10-16 17:18:59'),(16,'093153111','CLIENTE 2','ADS','01','Azuay','Gualaceo','asd','asd','asd','asd',1,'JALVARADO','2023-10-16 17:30:29'),(17,'0931531116','CLIENTE 3','AWADDW','16','Napo','Tena','awd','awd','awd','awd',1,'JALVARADO','2023-10-16 17:54:38'),(19,'0931531118','CLIENTE 4','ADDDDDDDDDDD','04','Carchi','Espejo','awdddddddd','awdddddddddddddddddddddddddddddd','awd@mail','09123123',1,'JALVARADO','2023-10-16 18:00:30');
/*!40000 ALTER TABLE `cli_clientes` ENABLE KEYS */;
UNLOCK TABLES;

--
-- Table structure for table `clientes`
--

DROP TABLE IF EXISTS `clientes`;
/*!40101 SET @saved_cs_client     = @@character_set_client */;
/*!40101 SET character_set_client = utf8 */;
CREATE TABLE `clientes` (
  `ID` int(11) NOT NULL AUTO_INCREMENT,
  `CLIENTE_RUC` varchar(20) DEFAULT NULL,
  `CLIENTE_NOMBRE` varchar(500) DEFAULT NULL,
  `CLIENTE_RAZON_SOCIAL` varchar(500) DEFAULT NULL,
  `CLIENTE_PROVINCIA_ID` varchar(10) DEFAULT NULL,
  `CLIENTE_PROVINCIA_NOMBRE` varchar(50) DEFAULT NULL,
  `CLIENTE_CIUDAD` varchar(50) DEFAULT NULL,
  `CLIENTE_DIRECCION` varchar(200) DEFAULT NULL,
  `CLIENTE_EMAIL` varchar(100) DEFAULT NULL,
  `CLIENTE_TELEFONO` varchar(20) DEFAULT NULL,
  `estado` int(11) DEFAULT 1,
  `creado_por` varchar(20) DEFAULT NULL,
  `fecha_creado` datetime NOT NULL DEFAULT current_timestamp(),
  PRIMARY KEY (`ID`)
) ENGINE=InnoDB AUTO_INCREMENT=7 DEFAULT CHARSET=utf8mb4;
/*!40101 SET character_set_client = @saved_cs_client */;

--
-- Dumping data for table `clientes`
--

LOCK TABLES `clientes` WRITE;
/*!40000 ALTER TABLE `clientes` DISABLE KEYS */;
INSERT INTO `clientes` VALUES (4,'0931531115','CLIENTE 1','asdasd','17','Orellana','Orellana','asdasd','asdasd','asdasd',1,NULL,'2023-09-24 19:47:30'),(5,'0931531116','CLINETE 2','asdasd','15','Morona Santiago','','','','',1,NULL,'2023-09-24 19:58:04'),(6,'0931531117','qwe','qwe','01','Azuay','Cuenca','qwe','qwe','qwe',1,NULL,'2023-10-16 16:34:47');
/*!40000 ALTER TABLE `clientes` ENABLE KEYS */;
UNLOCK TABLES;

--
-- Table structure for table `gui_destinos`
--

DROP TABLE IF EXISTS `gui_destinos`;
/*!40101 SET @saved_cs_client     = @@character_set_client */;
/*!40101 SET character_set_client = utf8 */;
CREATE TABLE `gui_destinos` (
  `ID` int(11) NOT NULL AUTO_INCREMENT,
  `nombre` varchar(100) DEFAULT NULL,
  `CREADO_POR` int(11) DEFAULT NULL,
  `ESTADO` bit(1) DEFAULT b'1',
  PRIMARY KEY (`ID`)
) ENGINE=InnoDB AUTO_INCREMENT=4 DEFAULT CHARSET=utf8mb4;
/*!40101 SET character_set_client = @saved_cs_client */;

--
-- Dumping data for table `gui_destinos`
--

LOCK TABLES `gui_destinos` WRITE;
/*!40000 ALTER TABLE `gui_destinos` DISABLE KEYS */;
INSERT INTO `gui_destinos` VALUES (1,'MATRIZ',NULL,''),(2,'SUCURSAL',NULL,''),(3,'OBRA',NULL,'');
/*!40000 ALTER TABLE `gui_destinos` ENABLE KEYS */;
UNLOCK TABLES;

--
-- Table structure for table `gui_guias_despachadas`
--

DROP TABLE IF EXISTS `gui_guias_despachadas`;
/*!40101 SET @saved_cs_client     = @@character_set_client */;
/*!40101 SET character_set_client = utf8 */;
CREATE TABLE `gui_guias_despachadas` (
  `ID` int(11) NOT NULL AUTO_INCREMENT,
  `PEDIDO_INTERNO` varchar(20) DEFAULT NULL,
  `CLIENTE_ENTREGA_ID` int(11) DEFAULT NULL,
  `SERVICIO_ID` int(11) DEFAULT NULL,
  `DESTINO_ID` int(11) DEFAULT NULL,
  `FECHA_CREADO` datetime NOT NULL DEFAULT current_timestamp(),
  `CREADO_POR` int(11) DEFAULT NULL,
  `PARCIAL` int(11) DEFAULT NULL,
  `PLACA_CAMBIADA` int(11) DEFAULT NULL,
  `PLACA_CAMBIADA_NUMERO` varchar(20) DEFAULT NULL,
  `despacho_ID` varchar(20) DEFAULT NULL,
  `UBICACION` varchar(1000) DEFAULT NULL,
  `imagen` varchar(100) DEFAULT NULL,
  PRIMARY KEY (`ID`)
) ENGINE=InnoDB AUTO_INCREMENT=199 DEFAULT CHARSET=utf8mb4;
/*!40101 SET character_set_client = @saved_cs_client */;

--
-- Dumping data for table `gui_guias_despachadas`
--

LOCK TABLES `gui_guias_despachadas` WRITE;
/*!40000 ALTER TABLE `gui_guias_despachadas` DISABLE KEYS */;
INSERT INTO `gui_guias_despachadas` VALUES (165,'505649801-090',15,1,1,'2023-11-02 11:36:00',7,0,0,'','20231031191413','-2.1743851,-79.8903773',''),(186,'505649801-050',16,1,2,'2023-11-01 17:20:00',7,0,0,'','20231031191413','-2.1743851,-79.8903773',''),(187,'505641166-090',17,1,3,'2023-11-01 12:38:00',7,0,0,'','20231031191413','-2.1743851,-79.8903773',''),(188,'505649801-070',19,1,1,'2023-11-02 07:50:00',8,0,0,'','20231031191413','-2.1743851,-79.8903773',''),(189,'505649801-060',15,1,2,'2023-11-02 11:54:00',8,0,0,'','20231031191413','-2.1743851,-79.8903773',''),(190,'505639349',15,1,3,'2023-10-31 07:42:00',9,0,0,'','20231031191413','-2.1743851,-79.8903773',''),(191,'505641166-020',16,1,1,'2023-10-31 12:55:00',9,0,0,'','20231031191413','-2.1743851,-79.8903773',''),(192,'505641166-010',17,1,2,'2023-10-31 16:57:00',9,0,0,'','20231031191413','-2.1743851,-79.8903773',''),(193,'505641166-030',19,1,3,'2023-10-31 19:43:00',9,0,0,'','20231031191413','-2.1743851,-79.8903773',''),(194,'505631234',15,1,1,'2023-10-30 08:31:00',10,0,0,'','20231031191413','-2.1743851,-79.8903773',''),(195,'505631233',17,1,2,'2023-10-31 10:11:00',11,0,0,'','20231031191413','-2.1743851,-79.8903773',''),(196,'505638220',19,1,1,'2023-10-31 09:44:00',12,0,0,'','20231031191413','-2.1743851,-79.8903773',''),(197,'505639040',16,1,2,'2023-10-31 07:45:00',12,0,0,'','20231031191413','-2.1743851,-79.8903773',''),(198,'505639288',16,1,3,'2023-10-31 09:11:00',13,0,0,'','20231031191413','-2.1743851,-79.8903773','');
/*!40000 ALTER TABLE `gui_guias_despachadas` ENABLE KEYS */;
UNLOCK TABLES;

--
-- Table structure for table `gui_guias_despachadas_dt`
--

DROP TABLE IF EXISTS `gui_guias_despachadas_dt`;
/*!40101 SET @saved_cs_client     = @@character_set_client */;
/*!40101 SET character_set_client = utf8 */;
CREATE TABLE `gui_guias_despachadas_dt` (
  `ID` int(11) NOT NULL AUTO_INCREMENT,
  `PEDIDO_INTERNO` varchar(20) DEFAULT NULL,
  `CODIGO` varchar(50) DEFAULT NULL,
  `PARCIAL` int(11) DEFAULT NULL,
  `CANTIDAD_PARCIAL` float DEFAULT NULL,
  `despacho_ID` varchar(20) DEFAULT NULL,
  `CANTIDAD_TOTAL` float DEFAULT NULL,
  `NO_ENTREGADA_DESTINO` int(11) DEFAULT NULL,
  PRIMARY KEY (`ID`)
) ENGINE=InnoDB AUTO_INCREMENT=320 DEFAULT CHARSET=utf8mb4;
/*!40101 SET character_set_client = @saved_cs_client */;

--
-- Dumping data for table `gui_guias_despachadas_dt`
--

LOCK TABLES `gui_guias_despachadas_dt` WRITE;
/*!40000 ALTER TABLE `gui_guias_despachadas_dt` DISABLE KEYS */;
INSERT INTO `gui_guias_despachadas_dt` VALUES (310,'505637207','10016416',0,0,'20231031191413',400,0),(311,'505637208','10016416',1,200,'20231031191620',0,0),(312,'505637205','10016416',0,0,'20231031191917',400,0),(313,'505637206','10016416',1,50,'20231031192015',0,0),(314,'505637206','10016416',0,0,'20231031192052',350,0),(315,'505637208','10016416',0,0,'20231031194844',200,0),(316,'505639040','10016416',1,50,'20231031195050',0,0),(317,'505639040','10016416',0,0,'20231031195107',110,0),(318,'505639288','10016416',1,200,'20231031195441',0,0),(319,'505639288','10016416',0,0,'20231031195501',40,0);
/*!40000 ALTER TABLE `gui_guias_despachadas_dt` ENABLE KEYS */;
UNLOCK TABLES;

--
-- Table structure for table `gui_guias_despachadas_estado`
--

DROP TABLE IF EXISTS `gui_guias_despachadas_estado`;
/*!40101 SET @saved_cs_client     = @@character_set_client */;
/*!40101 SET character_set_client = utf8 */;
CREATE TABLE `gui_guias_despachadas_estado` (
  `ID` int(11) NOT NULL AUTO_INCREMENT,
  `PEDIDO_INTERNO` varchar(20) DEFAULT NULL,
  `ESTADO_DESPACHO` int(11) DEFAULT NULL,
  `ESTADO_DESPACHO_TEXTO` varchar(20) DEFAULT NULL,
  `FECHA_CREADO` datetime NOT NULL DEFAULT current_timestamp(),
  `CREADO_POR` int(11) DEFAULT NULL,
  `FECHA_COMPLETADO` datetime DEFAULT NULL,
  PRIMARY KEY (`ID`)
) ENGINE=InnoDB AUTO_INCREMENT=505641172 DEFAULT CHARSET=utf8mb4;
/*!40101 SET character_set_client = @saved_cs_client */;

--
-- Dumping data for table `gui_guias_despachadas_estado`
--

LOCK TABLES `gui_guias_despachadas_estado` WRITE;
/*!40000 ALTER TABLE `gui_guias_despachadas_estado` DISABLE KEYS */;
INSERT INTO `gui_guias_despachadas_estado` VALUES (90,'505649801-090',0,'COMPLETO','2023-11-02 11:36:00',7,'2023-11-02 11:36:00'),(103,'505649801-070',0,'COMPLETO','2023-11-02 07:50:00',8,'2023-11-02 07:50:00'),(104,'505649801-060',0,'COMPLETO','2023-11-02 11:54:00',8,'2023-11-02 11:54:00'),(105,'505649801-050',0,'COMPLETO','2023-11-01 17:20:00',7,'2023-11-01 17:20:00'),(106,'505641166-090',0,'COMPLETO','2023-11-01 12:38:00',7,'2023-11-01 12:38:00'),(107,'505639349',0,'COMPLETO','2023-10-31 07:42:00',9,'2023-10-31 07:42:00'),(108,'505641166-020',0,'COMPLETO','2023-10-31 12:55:00',9,'2023-10-31 12:55:00'),(109,'505641166-010',0,'COMPLETO','2023-10-31 16:57:00',9,'2023-10-31 16:57:00'),(505631234,'505631234',0,'COMPLETO','2023-10-30 08:31:00',10,'2023-10-30 08:31:00'),(505641167,'505641166-030',0,'COMPLETO','2023-10-31 19:43:00',9,'2023-10-31 19:43:00'),(505641168,'505639288',0,'COMPLETO','2023-10-31 09:11:00',13,'2023-10-31 09:11:00'),(505641169,'505638220',0,'COMPLETO','2023-10-31 09:44:00',12,'2023-10-31 09:44:00'),(505641170,'505639040',0,'COMPLETO','2023-10-31 07:45:00',12,'2023-10-31 07:45:00'),(505641171,'505631233',0,'COMPLETO','2023-10-31 10:11:00',11,'2023-10-31 10:11:00');
/*!40000 ALTER TABLE `gui_guias_despachadas_estado` ENABLE KEYS */;
UNLOCK TABLES;

--
-- Table structure for table `gui_guias_facturas`
--

DROP TABLE IF EXISTS `gui_guias_facturas`;
/*!40101 SET @saved_cs_client     = @@character_set_client */;
/*!40101 SET character_set_client = utf8 */;
CREATE TABLE `gui_guias_facturas` (
  `ID` int(11) NOT NULL AUTO_INCREMENT,
  `pedido_interno` varchar(20) DEFAULT NULL,
  `factura_fecha` datetime DEFAULT NULL,
  `factura_secuencia` varchar(20) DEFAULT NULL,
  `factura_nombre` varchar(50) DEFAULT NULL,
  `factura_subtotal_0` float DEFAULT NULL,
  `factura_subtotal_12` float DEFAULT NULL,
  `factura_impuesto` float DEFAULT NULL,
  `factura_total` float DEFAULT NULL,
  `factura_nota` varchar(1000) DEFAULT NULL,
  `fatura_estado` int(11) DEFAULT 1,
  `CLIENTE_ID` int(11) DEFAULT NULL,
  `FECHA_CREADO` datetime NOT NULL DEFAULT current_timestamp(),
  `CREADO_POR` varchar(20) DEFAULT NULL,
  PRIMARY KEY (`ID`)
) ENGINE=InnoDB AUTO_INCREMENT=25 DEFAULT CHARSET=utf8mb4;
/*!40101 SET character_set_client = @saved_cs_client */;

--
-- Dumping data for table `gui_guias_facturas`
--

LOCK TABLES `gui_guias_facturas` WRITE;
/*!40000 ALTER TABLE `gui_guias_facturas` DISABLE KEYS */;
INSERT INTO `gui_guias_facturas` VALUES (13,'505637206','2023-11-01 00:00:00','001-001-00046564','PROVEEDOR',0,50,6,56,'asdad',1,17,'2023-11-01 11:28:34','JALVARADO'),(14,'505637206','2023-11-01 00:00:00','001-115-46849','proveedoer',200,0,0,200,'sdfsdf',1,16,'2023-11-01 11:33:14','JALVARADO'),(15,'505637205','2023-11-01 00:00:00','11111111','dasdasd',150,0,0,150,'213123',1,19,'2023-11-01 11:33:29','JALVARADO'),(16,'505637208','2023-11-02 00:00:00','55555555','dasdasd',0,120,14.4,134.4,'98',1,16,'2023-11-01 11:36:45','JALVARADO'),(17,'505637208','2023-11-02 00:00:00','98797','wefw',840,0,0,840,'98wef',1,17,'2023-11-01 11:37:00','JALVARADO'),(18,'505637207','2023-11-01 00:00:00','741111111111','dfsdf',0,200,24,224,'dfg',1,15,'2023-11-01 11:37:59','JALVARADO'),(19,'505639040','2023-11-01 00:00:00','123132','qweqew',70,0,0,70,'1233123',1,17,'2023-11-01 11:40:06','JALVARADO'),(20,'505639040','2023-11-01 00:00:00','22222222','yjhtyj',0,23,2.76,25.76,'',1,19,'2023-11-01 11:40:22','JALVARADO'),(21,'505639288','2023-11-01 00:00:00','22222','234234',12,0,0,12,'234',1,15,'2023-11-01 11:40:42','JALVARADO'),(22,'505639288','2023-11-02 00:00:00','22222222','q2e',0,45,5.4,50.4,'',1,16,'2023-11-01 11:40:53','JALVARADO'),(23,'505637206','2023-11-01 00:00:00','12121111','ghhhhhhhhhh',50,0,0,50,'546984',1,17,'2023-11-01 16:40:14','JALVARADO'),(24,'505637206','2023-11-01 00:00:00','12123123','jghjgh',0,500,60,560,'546984',1,17,'2023-11-01 16:40:36','JALVARADO');
/*!40000 ALTER TABLE `gui_guias_facturas` ENABLE KEYS */;
UNLOCK TABLES;

--
-- Table structure for table `gui_guias_placa`
--

DROP TABLE IF EXISTS `gui_guias_placa`;
/*!40101 SET @saved_cs_client     = @@character_set_client */;
/*!40101 SET character_set_client = utf8 */;
CREATE TABLE `gui_guias_placa` (
  `ID` int(11) NOT NULL AUTO_INCREMENT,
  `pedido_interno` varchar(20) DEFAULT NULL,
  `placa` varchar(20) DEFAULT NULL,
  `FECHA_CREADO` datetime NOT NULL DEFAULT current_timestamp(),
  `FECHA_SALE_PLANTA` datetime DEFAULT NULL,
  `FECHA_TEXTO_ORIGINAL` varchar(100) DEFAULT NULL,
  PRIMARY KEY (`ID`)
) ENGINE=InnoDB AUTO_INCREMENT=161 DEFAULT CHARSET=utf8mb4;
/*!40101 SET character_set_client = @saved_cs_client */;

--
-- Dumping data for table `gui_guias_placa`
--

LOCK TABLES `gui_guias_placa` WRITE;
/*!40000 ALTER TABLE `gui_guias_placa` DISABLE KEYS */;
INSERT INTO `gui_guias_placa` VALUES (100,'505649801-060','GBO-7782','2023-11-02 09:54:00','2023-11-02 09:54:00','JUE-2-11 09:54'),(101,'505649801-090','GBO-4396','2023-11-02 09:36:00','2023-11-02 09:36:00','JUE-2-11 09:36'),(102,'505649801-070','GBO-7782','2023-11-02 05:50:00','2023-11-02 05:50:00','JUE-2-11 05:50'),(103,'505649801-050','GBO-4396','2023-11-01 16:20:00','2023-11-01 16:20:00','MIE-1-11 16:20'),(104,'505641166-090','GBO-4396','2023-11-01 10:38:00','2023-11-01 10:38:00','MIE-1-11 10:38'),(105,'505641166-080','GBO-4396','2023-10-31 20:09:00','2023-10-31 20:09:00','MAR-31-10 20:09'),(106,'505641166-030','GBO-7758','2023-10-31 18:43:00','2023-10-31 18:43:00','MAR-31-10 18:43'),(107,'505641166-040','GBO-7782','2023-10-31 16:32:00','2023-10-31 16:32:00','MAR-31-10 16:32'),(108,'505641166-010','GBO-7758','2023-10-31 15:57:00','2023-10-31 15:57:00','MAR-31-10 15:57'),(109,'505641166-070','GBO-4396','2023-10-31 15:20:00','2023-10-31 15:20:00','MAR-31-10 15:20'),(110,'505641166-060','GBO-7782','2023-10-31 13:37:00','2023-10-31 13:37:00','MAR-31-10 13:37'),(111,'505641166-020','GBO-7758','2023-10-31 10:55:00','2023-10-31 10:55:00','MAR-31-10 10:55'),(112,'505637205','GBO-4396','2023-10-31 10:19:00','2023-10-31 10:19:00','MAR-31-10 10:19'),(113,'505639288','GBN-6978','2023-10-31 07:11:00','2023-10-31 07:11:00','MAR-31-10 07:11'),(114,'505641166-050','GBO-7782','2023-10-31 09:45:00','2023-10-31 09:45:00','MAR-31-10 09:45'),(115,'505638220','GSY-4052','2023-10-31 08:44:00','2023-10-31 08:44:00','MAR-31-10 08:44'),(116,'505639349','GBO-7758','2023-10-31 06:42:00','2023-10-31 06:42:00','MAR-31-10 06:42'),(117,'505639040','GSY-4052','2023-10-31 06:45:00','2023-10-31 06:45:00','MAR-31-10 06:45'),(118,'505637206','GBO-4396','2023-11-01 06:40:00','2023-11-01 06:40:00','MAR-31-10 06:40'),(119,'505637208','GBO-7782','2023-10-31 04:52:00','2023-10-31 04:52:00','MAR-31-10 04:52'),(120,'505629516','GBO-7758','2023-10-30 20:36:00','2023-10-30 20:36:00','LUN-30-10 20:36'),(121,'505637207','GBO-7782','2023-10-31 20:25:00','2023-10-31 20:25:00','LUN-30-10 20:25'),(122,'505628695','GBO-4396','2023-10-30 18:50:00','2023-10-30 18:50:00','LUN-30-10 18:50'),(123,'505615954','GBO-7782','2023-10-30 17:01:00','2023-10-30 17:01:00','LUN-30-10 17:01'),(124,'505629515','GBO-7758','2023-10-30 17:05:00','2023-10-30 17:05:00','LUN-30-10 17:05'),(125,'505628694','GBO-4396','2023-10-30 15:28:00','2023-10-30 15:28:00','LUN-30-10 15:28'),(126,'505628699','GBO-7782','2023-10-30 12:26:00','2023-10-30 12:26:00','LUN-30-10 12:26'),(127,'505628693','GBO-4396','2023-10-30 11:45:00','2023-10-30 11:45:00','LUN-30-10 11:45'),(128,'505629514','GBO-7758','2023-10-30 09:32:00','2023-10-30 09:32:00','LUN-30-10 09:32'),(129,'505616072','GBO-7758','2023-10-30 06:55:00','2023-10-30 06:55:00','LUN-30-10 06:55'),(130,'505628698','GBO-7782','2023-10-30 06:38:00','2023-10-30 06:38:00','LUN-30-10 06:38'),(131,'505631234','KAB-0938','2023-10-30 03:31:00','2023-10-30 03:31:00','LUN-30-10 03:31'),(132,'505631233','JBA-2916','2023-10-30 03:21:00','2023-10-30 03:21:00','LUN-30-10 03:21'),(133,'505615955','GBO-7782','2023-10-28 12:42:00','2023-10-28 12:42:00','SAB-28-10 12:42'),(134,'505628697','GBO-4396','2023-10-28 10:06:00','2023-10-28 10:06:00','SAB-28-10 10:06'),(135,'505616262','GBO-7782','2023-10-28 07:06:00','2023-10-28 07:06:00','SAB-28-10 07:06'),(136,'505615950','GBO-4396','2023-10-28 06:45:00','2023-10-28 06:45:00','SAB-28-10 06:45'),(137,'505616070','GBO-7758','2023-10-28 06:02:00','2023-10-28 06:02:00','SAB-28-10 06:02'),(138,'505616069','GBO-7758','2023-10-27 13:42:00','2023-10-27 13:42:00','VIE-27-10 13:42'),(139,'505615949','GBO-4396','2023-10-27 13:00:00','2023-10-27 13:00:00','VIE-27-10 13:00'),(140,'505616263','GBO-7782','2023-10-27 09:59:00','2023-10-27 09:59:00','VIE-27-10 09:59'),(141,'505616264','GBO-7782','2023-10-27 06:20:00','2023-10-27 06:20:00','VIE-27-10 06:20'),(142,'505616068','GBO-7758','2023-10-27 06:37:00','2023-10-27 06:37:00','VIE-27-10 06:37'),(143,'505615948','GBO-4396','2023-10-26 15:42:00','2023-10-26 15:42:00','JUE-26-10 15:42'),(144,'505610388','GBO-7782','2023-10-26 13:36:00','2023-10-26 13:36:00','JUE-26-10 13:36'),(145,'505615953','GBO-4396','2023-10-26 13:16:00','2023-10-26 13:16:00','JUE-26-10 13:16'),(146,'505616071','GBO-7758','2023-10-26 12:40:00','2023-10-26 12:40:00','JUE-26-10 12:40'),(147,'505615952','GBO-4396','2023-10-26 10:33:00','2023-10-26 10:33:00','JUE-26-10 10:33'),(148,'505610387','GBO-7782','2023-10-26 10:20:00','2023-10-26 10:20:00','JUE-26-10 10:20'),(149,'505610823','GBO-7758','2023-10-26 06:00:00','2023-10-26 06:00:00','JUE-26-10 06:00'),(150,'505605662','GBO-4396','2023-10-26 05:50:00','2023-10-26 05:50:00','JUE-26-10 05:50'),(151,'505610384','GBO-7782','2023-10-26 05:41:00','2023-10-26 05:41:00','JUE-26-10 05:41'),(152,'505605661','GBO-4396','2023-10-25 16:31:00','2023-10-25 16:31:00','MIE-25-10 16:31'),(153,'505610385','GBO-7782','2023-10-25 15:30:00','2023-10-25 15:30:00','MIE-25-10 15:30'),(154,'505610822','GBO-7758','2023-10-25 14:46:00','2023-10-25 14:46:00','MIE-25-10 14:46'),(155,'505605660','GBO-4396','2023-10-25 10:08:00','2023-10-25 10:08:00','MIE-25-10 10:08'),(156,'505596195-120','GBO-7758','2023-10-25 10:08:00','2023-10-25 10:08:00','MIE-25-10 10:08'),(157,'505605664','GBO-7782','2023-10-25 09:40:00','2023-10-25 09:40:00','MIE-25-10 09:40'),(158,'505596195-110','GBO-7758','2023-10-25 06:49:00','2023-10-25 06:49:00','MIE-25-10 06:49'),(159,'505585858','GBO-4396','2023-10-25 05:34:00','2023-10-25 05:34:00','MIE-25-10 05:34'),(160,'505605663','GBO-7782','2023-10-25 05:24:00','2023-10-25 05:24:00','MIE-25-10 05:24');
/*!40000 ALTER TABLE `gui_guias_placa` ENABLE KEYS */;
UNLOCK TABLES;

--
-- Table structure for table `gui_servicios`
--

DROP TABLE IF EXISTS `gui_servicios`;
/*!40101 SET @saved_cs_client     = @@character_set_client */;
/*!40101 SET character_set_client = utf8 */;
CREATE TABLE `gui_servicios` (
  `ID` int(11) NOT NULL AUTO_INCREMENT,
  `nombre` varchar(50) DEFAULT NULL,
  `descripcion` varchar(500) DEFAULT NULL,
  `fecha_creado` datetime NOT NULL DEFAULT current_timestamp(),
  `estado` bit(1) DEFAULT b'1',
  PRIMARY KEY (`ID`)
) ENGINE=InnoDB AUTO_INCREMENT=3 DEFAULT CHARSET=utf8mb4;
/*!40101 SET character_set_client = @saved_cs_client */;

--
-- Dumping data for table `gui_servicios`
--

LOCK TABLES `gui_servicios` WRITE;
/*!40000 ALTER TABLE `gui_servicios` DISABLE KEYS */;
INSERT INTO `gui_servicios` VALUES (1,'CARGA',NULL,'2023-10-01 21:24:27',''),(2,'FLETE',NULL,'2023-10-01 21:24:33','');
/*!40000 ALTER TABLE `gui_servicios` ENABLE KEYS */;
UNLOCK TABLES;

--
-- Table structure for table `guias`
--

DROP TABLE IF EXISTS `guias`;
/*!40101 SET @saved_cs_client     = @@character_set_client */;
/*!40101 SET character_set_client = utf8 */;
CREATE TABLE `guias` (
  `ID` int(11) NOT NULL AUTO_INCREMENT,
  `FECHA_DE_EMISION` varchar(20) DEFAULT NULL,
  `FACTURA` varchar(50) DEFAULT NULL,
  `TELEFONO` varchar(50) DEFAULT NULL,
  `FECHA_VALIDEZ` varchar(20) DEFAULT NULL,
  `CLIENTE` varchar(20) DEFAULT NULL,
  `CLIENTE_RUC` varchar(20) DEFAULT NULL,
  `SOLICITANTE` varchar(100) DEFAULT NULL,
  `DIRECCION_1` varchar(20) DEFAULT NULL,
  `PTO_DE_PARTIDA` varchar(200) DEFAULT NULL,
  `PTO_DE_LLEGADA` varchar(200) DEFAULT NULL,
  `DIRECCION_2` varchar(200) DEFAULT NULL,
  `TIPO_DE_ENTREGA` varchar(200) DEFAULT NULL,
  `PEDIDO_INTERNO` varchar(50) DEFAULT NULL,
  `PED_COMPRA` varchar(100) DEFAULT NULL,
  PRIMARY KEY (`ID`)
) ENGINE=InnoDB AUTO_INCREMENT=659 DEFAULT CHARSET=utf8mb4;
/*!40101 SET character_set_client = @saved_cs_client */;

--
-- Dumping data for table `guias`
--

LOCK TABLES `guias` WRITE;
/*!40000 ALTER TABLE `guias` DISABLE KEYS */;
INSERT INTO `guias` VALUES (568,'31.10.2023','019-005-001166258','4-2465649','20.11.2023','6133582 - SALVACERO ','0992681845001','SALVACERO CIA. LTDA.','VENEZUELA #3804 ENTR','SUMINISTRADOR INTACO','GUAYAS - GUAYAQUIL','VENEZUELA #3804 ENTRE LA 12 Y  CALLE','ENTREGADO','505641987','4583111451'),(569,'30.10.2023','019-005-001166015','4-2465649','19.11.2023','6133582 - SALVACERO ','0992681845001','SALVACERO CIA. LTDA.','VENEZUELA #3804 ENTR','EC CEM GUAYAQUIL','GUAYAS - GUAYAQUIL','VENEZUELA #3804 ENTRE LA 12 Y  CALLE','RETIRADO','505639349','4583111272'),(570,'30.10.2023','019-005-001166010','4-2465649','19.11.2023','6133582 - SALVACERO ','0992681845001','SALVACERO CIA. LTDA.','VENEZUELA #3804 ENTR','EC CEM GUAYAQUIL','GUAYAS - GUAYAQUIL','VENEZUELA #3804 ENTRE LA 12 Y  CALLE','RETIRADO','505639288','4583111266'),(571,'30.10.2023','019-005-001166007','4-2465649','19.11.2023','6133582 - SALVACERO ','0992681845001','SALVACERO CIA. LTDA.','VENEZUELA #3804 ENTR','EC CEM GUAYAQUIL','GUAYAS - GUAYAQUIL','VENEZUELA #3804 ENTRE LA 12 Y  CALLE','RETIRADO','505639040','4583111265'),(572,'30.10.2023','019-005-001165769','4-2465649','19.11.2023','6133582 - SALVACERO ','0992681845001','SALVACERO CIA. LTDA.','VENEZUELA #3804 ENTR','EC CEM GUAYAQUIL','GUAYAS - GUAYAQUIL','VENEZUELA #3804 ENTRE LA 12 Y  CALLE','RETIRADO','505637208','4583110991'),(573,'30.10.2023','019-005-001166012','4-2465649','19.11.2023','6133582 - SALVACERO ','0992681845001','SALVACERO CIA. LTDA.','VENEZUELA #3804 ENTR','EC CEM GUAYAQUIL','GUAYAS - GUAYAQUIL','VENEZUELA #3804 ENTRE LA 12 Y  CALLE','RETIRADO','505637207','4583111268'),(574,'30.10.2023','019-005-001165773','4-2465649','19.11.2023','6133582 - SALVACERO ','0992681845001','SALVACERO CIA. LTDA.','VENEZUELA #3804 ENTR','EC CEM GUAYAQUIL','GUAYAS - GUAYAQUIL','VENEZUELA #3804 ENTRE LA 12 Y  CALLE','RETIRADO','505637206','4583110996'),(575,'30.10.2023','019-005-001166014','4-2465649','19.11.2023','6133582 - SALVACERO ','0992681845001','SALVACERO CIA. LTDA.','VENEZUELA #3804 ENTR','EC CEM GUAYAQUIL','GUAYAS - GUAYAQUIL','VENEZUELA #3804 ENTRE LA 12 Y  CALLE','RETIRADO','505637205','4583111270'),(576,'30.10.2023','019-005-001165768','4-2465649','19.11.2023','6133582 - SALVACERO ','0992681845001','SALVACERO CIA. LTDA.','VENEZUELA #3804 ENTR','SUMINISTRADOR INTACO','GUAYAS - GUAYAQUIL','VENEZUELA #3804 ENTRE LA 12 Y  CALLE','RETIRADO','505637167','4583110990'),(577,'27.10.2023','019-005-001165456','4-2465649','16.11.2023','6133582 - SALVACERO ','0992681845001','SALVACERO CIA. LTDA.','VENEZUELA #3804 ENTR','EC CEM GUAYAQUIL','GUAYAS - GUAYAQUIL','VENEZUELA #3804 ENTRE LA 12 Y  CALLE','RETIRADO','505631234','4583110591'),(578,'27.10.2023','019-005-001165455','4-2465649','16.11.2023','6133582 - SALVACERO ','0992681845001','SALVACERO CIA. LTDA.','VENEZUELA #3804 ENTR','EC CEM GUAYAQUIL','GUAYAS - GUAYAQUIL','VENEZUELA #3804 ENTRE LA 12 Y  CALLE','RETIRADO','505631233','4583110590'),(579,'27.10.2023','019-005-001165395','4-2465649','16.11.2023','6133582 - SALVACERO ','0992681845001','SALVACERO CIA. LTDA.','VENEZUELA #3804 ENTR','EC CEM GUAYAQUIL','GUAYAS - GUAYAQUIL','VENEZUELA #3804 ENTRE LA 12 Y  CALLE','RETIRADO','505629516','4583110514'),(580,'27.10.2023','019-005-001165392','4-2465649','16.11.2023','6133582 - SALVACERO ','0992681845001','SALVACERO CIA. LTDA.','VENEZUELA #3804 ENTR','EC CEM GUAYAQUIL','GUAYAS - GUAYAQUIL','VENEZUELA #3804 ENTRE LA 12 Y  CALLE','RETIRADO','505629515','4583110511'),(581,'27.10.2023','019-005-001165378','4-2465649','16.11.2023','6133582 - SALVACERO ','0992681845001','SALVACERO CIA. LTDA.','VENEZUELA #3804 ENTR','EC CEM GUAYAQUIL','GUAYAS - GUAYAQUIL','VENEZUELA #3804 ENTRE LA 12 Y  CALLE','RETIRADO','505629514','4583110488'),(582,'27.10.2023','019-005-001165372','4-2465649','16.11.2023','6133582 - SALVACERO ','0992681845001','SALVACERO CIA. LTDA.','VENEZUELA #3804 ENTR','EC CEM GUAYAQUIL','GUAYAS - GUAYAQUIL','VENEZUELA #3804 ENTRE LA 12 Y  CALLE','RETIRADO','505628699','4583110481'),(583,'27.10.2023','019-005-001165367','4-2465649','16.11.2023','6133582 - SALVACERO ','0992681845001','SALVACERO CIA. LTDA.','VENEZUELA #3804 ENTR','EC CEM GUAYAQUIL','GUAYAS - GUAYAQUIL','VENEZUELA #3804 ENTRE LA 12 Y  CALLE','RETIRADO','505628698','4583110476'),(584,'27.10.2023','019-005-001165361','4-2465649','16.11.2023','6133582 - SALVACERO ','0992681845001','SALVACERO CIA. LTDA.','VENEZUELA #3804 ENTR','EC CEM GUAYAQUIL','GUAYAS - GUAYAQUIL','VENEZUELA #3804 ENTRE LA 12 Y  CALLE','RETIRADO','505628697','4583110470'),(585,'27.10.2023','019-005-001165359','4-2465649','16.11.2023','6133582 - SALVACERO ','0992681845001','SALVACERO CIA. LTDA.','VENEZUELA #3804 ENTR','EC CEM GUAYAQUIL','GUAYAS - GUAYAQUIL','VENEZUELA #3804 ENTRE LA 12 Y  CALLE','RETIRADO','505628695','4583110468'),(586,'27.10.2023','019-005-001165355','4-2465649','16.11.2023','6133582 - SALVACERO ','0992681845001','SALVACERO CIA. LTDA.','VENEZUELA #3804 ENTR','EC CEM GUAYAQUIL','GUAYAS - GUAYAQUIL','VENEZUELA #3804 ENTRE LA 12 Y  CALLE','RETIRADO','505628694','4583110464'),(587,'27.10.2023','019-005-001165349','4-2465649','16.11.2023','6133582 - SALVACERO ','0992681845001','SALVACERO CIA. LTDA.','VENEZUELA #3804 ENTR','EC CEM GUAYAQUIL','GUAYAS - GUAYAQUIL','VENEZUELA #3804 ENTRE LA 12 Y  CALLE','RETIRADO','505628693','4583110458'),(588,'26.10.2023','019-005-001164832','4-2465649','15.11.2023','6133582 - SALVACERO ','0992681845001','SALVACERO CIA. LTDA.','VENEZUELA #3804 ENTR','SUMINISTRADOR ANDEC','GUAYAS - GUAYAQUIL','VENEZUELA #3804 ENTRE LA 12 Y  CALLE','ENTREGADO','505621037','4583109857'),(589,'25.10.2023','019-005-001164475','4-2465649','14.11.2023','6133582 - SALVACERO ','0992681845001','SALVACERO CIA. LTDA.','VENEZUELA #3804 ENTR','EC CEM GUAYAQUIL','GUAYAS - GUAYAQUIL','VENEZUELA #3804 ENTRE LA 12 Y  CALLE','RETIRADO','505616264','4583109430'),(590,'25.10.2023','019-005-001164471','4-2465649','14.11.2023','6133582 - SALVACERO ','0992681845001','SALVACERO CIA. LTDA.','VENEZUELA #3804 ENTR','EC CEM GUAYAQUIL','GUAYAS - GUAYAQUIL','VENEZUELA #3804 ENTRE LA 12 Y  CALLE','RETIRADO','505616263','4583109426'),(591,'25.10.2023','019-005-001164465','4-2465649','14.11.2023','6133582 - SALVACERO ','0992681845001','SALVACERO CIA. LTDA.','VENEZUELA #3804 ENTR','EC CEM GUAYAQUIL','GUAYAS - GUAYAQUIL','VENEZUELA #3804 ENTRE LA 12 Y  CALLE','RETIRADO','505616262','4583109420'),(592,'25.10.2023','019-005-001164481','4-2465649','14.11.2023','6133582 - SALVACERO ','0992681845001','SALVACERO CIA. LTDA.','VENEZUELA #3804 ENTR','EC CEM GUAYAQUIL','GUAYAS - GUAYAQUIL','VENEZUELA #3804 ENTRE LA 12 Y  CALLE','RETIRADO','505616072','4583109439'),(593,'25.10.2023','019-005-001164466','4-2465649','14.11.2023','6133582 - SALVACERO ','0992681845001','SALVACERO CIA. LTDA.','VENEZUELA #3804 ENTR','EC CEM GUAYAQUIL','GUAYAS - GUAYAQUIL','VENEZUELA #3804 ENTRE LA 12 Y  CALLE','RETIRADO','505616071','4583109421'),(594,'25.10.2023','019-005-001164453','4-2465649','14.11.2023','6133582 - SALVACERO ','0992681845001','SALVACERO CIA. LTDA.','VENEZUELA #3804 ENTR','EC CEM GUAYAQUIL','GUAYAS - GUAYAQUIL','VENEZUELA #3804 ENTRE LA 12 Y  CALLE','RETIRADO','505616070','4583109408'),(595,'25.10.2023','019-005-001164447','4-2465649','14.11.2023','6133582 - SALVACERO ','0992681845001','SALVACERO CIA. LTDA.','VENEZUELA #3804 ENTR','EC CEM GUAYAQUIL','GUAYAS - GUAYAQUIL','VENEZUELA #3804 ENTRE LA 12 Y  CALLE','RETIRADO','505616069','4583109401'),(596,'25.10.2023','019-005-001164438','4-2465649','14.11.2023','6133582 - SALVACERO ','0992681845001','SALVACERO CIA. LTDA.','VENEZUELA #3804 ENTR','EC CEM GUAYAQUIL','GUAYAS - GUAYAQUIL','VENEZUELA #3804 ENTRE LA 12 Y  CALLE','RETIRADO','505616068','4583109391'),(597,'25.10.2023','019-005-001164474','4-2465649','14.11.2023','6133582 - SALVACERO ','0992681845001','SALVACERO CIA. LTDA.','VENEZUELA #3804 ENTR','EC CEM GUAYAQUIL','GUAYAS - GUAYAQUIL','VENEZUELA #3804 ENTRE LA 12 Y  CALLE','RETIRADO','505615955','4583109429'),(598,'25.10.2023','019-005-001164452','4-2465649','14.11.2023','6133582 - SALVACERO ','0992681845001','SALVACERO CIA. LTDA.','VENEZUELA #3804 ENTR','EC CEM GUAYAQUIL','GUAYAS - GUAYAQUIL','VENEZUELA #3804 ENTRE LA 12 Y  CALLE','RETIRADO','505615954','4583109407'),(599,'25.10.2023','019-005-001164450','4-2465649','14.11.2023','6133582 - SALVACERO ','0992681845001','SALVACERO CIA. LTDA.','VENEZUELA #3804 ENTR','EC CEM GUAYAQUIL','GUAYAS - GUAYAQUIL','VENEZUELA #3804 ENTRE LA 12 Y  CALLE','RETIRADO','505615953','4583109405'),(600,'25.10.2023','019-005-001164431','4-2465649','14.11.2023','6133582 - SALVACERO ','0992681845001','SALVACERO CIA. LTDA.','VENEZUELA #3804 ENTR','EC CEM GUAYAQUIL','GUAYAS - GUAYAQUIL','VENEZUELA #3804 ENTRE LA 12 Y  CALLE','RETIRADO','505615952','4583109384'),(601,'25.10.2023','019-005-001164426','4-2465649','14.11.2023','6133582 - SALVACERO ','0992681845001','SALVACERO CIA. LTDA.','VENEZUELA #3804 ENTR','EC CEM GUAYAQUIL','GUAYAS - GUAYAQUIL','VENEZUELA #3804 ENTRE LA 12 Y  CALLE','RETIRADO','505615950','4583109380'),(602,'25.10.2023','019-005-001164419','4-2465649','14.11.2023','6133582 - SALVACERO ','0992681845001','SALVACERO CIA. LTDA.','VENEZUELA #3804 ENTR','EC CEM GUAYAQUIL','GUAYAS - GUAYAQUIL','VENEZUELA #3804 ENTRE LA 12 Y  CALLE','RETIRADO','505615949','4583109373'),(603,'25.10.2023','019-005-001164417','4-2465649','14.11.2023','6133582 - SALVACERO ','0992681845001','SALVACERO CIA. LTDA.','VENEZUELA #3804 ENTR','EC CEM GUAYAQUIL','GUAYAS - GUAYAQUIL','VENEZUELA #3804 ENTRE LA 12 Y  CALLE','RETIRADO','505615948','4583109368'),(604,'24.10.2023','019-005-001164154','4-2465649','13.11.2023','6133582 - SALVACERO ','0992681845001','SALVACERO CIA. LTDA.','VENEZUELA #3804 ENTR','EC CEM GUAYAQUIL','GUAYAS - GUAYAQUIL','VENEZUELA #3804 ENTRE LA 12 Y  CALLE','RETIRADO','505610823','4583109033'),(605,'24.10.2023','019-005-001164156','4-2465649','13.11.2023','6133582 - SALVACERO ','0992681845001','SALVACERO CIA. LTDA.','VENEZUELA #3804 ENTR','EC CEM GUAYAQUIL','GUAYAS - GUAYAQUIL','VENEZUELA #3804 ENTRE LA 12 Y  CALLE','RETIRADO','505610822','4583109035'),(606,'24.10.2023','019-005-001164019','4-2465649','13.11.2023','6133582 - SALVACERO ','0992681845001','SALVACERO CIA. LTDA.','VENEZUELA #3804 ENTR','EC CEM GUAYAQUIL','GUAYAS - GUAYAQUIL','VENEZUELA #3804 ENTRE LA 12 Y  CALLE','RETIRADO','505610388','4583108882'),(607,'24.10.2023','019-005-001164010','4-2465649','13.11.2023','6133582 - SALVACERO ','0992681845001','SALVACERO CIA. LTDA.','VENEZUELA #3804 ENTR','EC CEM GUAYAQUIL','GUAYAS - GUAYAQUIL','VENEZUELA #3804 ENTRE LA 12 Y  CALLE','RETIRADO','505610387','4583108873'),(608,'24.10.2023','019-005-001163993','4-2465649','13.11.2023','6133582 - SALVACERO ','0992681845001','SALVACERO CIA. LTDA.','VENEZUELA #3804 ENTR','EC CEM GUAYAQUIL','GUAYAS - GUAYAQUIL','VENEZUELA #3804 ENTRE LA 12 Y  CALLE','RETIRADO','505610385','4583108854'),(609,'24.10.2023','019-005-001163985','4-2465649','13.11.2023','6133582 - SALVACERO ','0992681845001','SALVACERO CIA. LTDA.','VENEZUELA #3804 ENTR','EC CEM GUAYAQUIL','GUAYAS - GUAYAQUIL','VENEZUELA #3804 ENTRE LA 12 Y  CALLE','RETIRADO','505610384','4583108847'),(610,'23.10.2023','019-005-001163681','4-2465649','12.11.2023','6133582 - SALVACERO ','0992681845001','SALVACERO CIA. LTDA.','VENEZUELA #3804 ENTR','EC CEM GUAYAQUIL','GUAYAS - GUAYAQUIL','VENEZUELA #3804 ENTRE LA 12 Y  CALLE','RETIRADO','505605665','4583108478'),(611,'23.10.2023','019-005-001163680','4-2465649','12.11.2023','6133582 - SALVACERO ','0992681845001','SALVACERO CIA. LTDA.','VENEZUELA #3804 ENTR','EC CEM GUAYAQUIL','GUAYAS - GUAYAQUIL','VENEZUELA #3804 ENTRE LA 12 Y  CALLE','RETIRADO','505605664','4583108477'),(612,'23.10.2023','019-005-001163679','4-2465649','12.11.2023','6133582 - SALVACERO ','0992681845001','SALVACERO CIA. LTDA.','VENEZUELA #3804 ENTR','EC CEM GUAYAQUIL','GUAYAS - GUAYAQUIL','VENEZUELA #3804 ENTRE LA 12 Y  CALLE','RETIRADO','505605663','4583108476'),(613,'23.10.2023','019-005-001163678','4-2465649','12.11.2023','6133582 - SALVACERO ','0992681845001','SALVACERO CIA. LTDA.','VENEZUELA #3804 ENTR','EC CEM GUAYAQUIL','GUAYAS - GUAYAQUIL','VENEZUELA #3804 ENTRE LA 12 Y  CALLE','RETIRADO','505605662','4583108475'),(614,'23.10.2023','019-005-001163677','4-2465649','12.11.2023','6133582 - SALVACERO ','0992681845001','SALVACERO CIA. LTDA.','VENEZUELA #3804 ENTR','EC CEM GUAYAQUIL','GUAYAS - GUAYAQUIL','VENEZUELA #3804 ENTRE LA 12 Y  CALLE','RETIRADO','505605661','4583108474'),(615,'23.10.2023','019-005-001163674','4-2465649','12.11.2023','6133582 - SALVACERO ','0992681845001','SALVACERO CIA. LTDA.','VENEZUELA #3804 ENTR','EC CEM GUAYAQUIL','GUAYAS - GUAYAQUIL','VENEZUELA #3804 ENTRE LA 12 Y  CALLE','RETIRADO','505605660','4583108471'),(616,'23.10.2023','019-005-001163313','4-2465649','12.11.2023','6133582 - SALVACERO ','0992681845001','SALVACERO CIA. LTDA.','VENEZUELA #3804 ENTR','EC CEM GUAYAQUIL','GUAYAS - GUAYAQUIL','VENEZUELA #3804 ENTRE LA 12 Y  CALLE','RETIRADO','505601739','4583108064'),(617,'23.10.2023','019-005-001163284','4-2465649','12.11.2023','6133582 - SALVACERO ','0992681845001','SALVACERO CIA. LTDA.','VENEZUELA #3804 ENTR','EC CEM GUAYAQUIL','GUAYAS - GUAYAQUIL','VENEZUELA #3804 ENTRE LA 12 Y  CALLE','RETIRADO','505601270','4583108029'),(618,'20.10.2023','019-005-001162997','4-2465649','09.11.2023','6133582 - SALVACERO ','0992681845001','SALVACERO CIA. LTDA.','VENEZUELA #3804 ENTR','EC CEM GUAYAQUIL','GUAYAS - GUAYAQUIL','VENEZUELA #3804 ENTRE LA 12 Y  CALLE','RETIRADO','505594811','4583107676'),(619,'20.10.2023','019-005-001162990','4-2465649','09.11.2023','6133582 - SALVACERO ','0992681845001','SALVACERO CIA. LTDA.','VENEZUELA #3804 ENTR','EC CEM GUAYAQUIL','GUAYAS - GUAYAQUIL','VENEZUELA #3804 ENTRE LA 12 Y  CALLE','RETIRADO','505594810','4583107669'),(620,'20.10.2023','019005-001163086','4-2465649','09.11.2023','6133582 - SALVACERO ','0992681845001','SALVACERO CIA. LTDA.','VENEZUELA #3804 ENTR','EC CEM GUAYAQUIL','GUAYAS - GUAYAQUIL','VENEZUELA #3804 ENTRE LA 12 Y  CALLE','RETIRADO','505596195-090','HF'),(621,'20.10.2023','019005-001163086','4-2465649','09.11.2023','6133582 - SALVACERO ','0992681845001','SALVACERO CIA. LTDA.','VENEZUELA #3804 ENTR','EC CEM GUAYAQUIL','GUAYAS - GUAYAQUIL','VENEZUELA #3804 ENTRE LA 12 Y  CALLE','RETIRADO','505596195-060','HF'),(622,'20.10.2023','019005-001163086','4-2465649','09.11.2023','6133582 - SALVACERO ','0992681845001','SALVACERO CIA. LTDA.','VENEZUELA #3804 ENTR','EC CEM GUAYAQUIL','GUAYAS - GUAYAQUIL','VENEZUELA #3804 ENTRE LA 12 Y  CALLE','RETIRADO','505596195-070','HF'),(623,'20.10.2023','019005-001163086','4-2465649','09.11.2023','6133582 - SALVACERO ','0992681845001','SALVACERO CIA. LTDA.','VENEZUELA #3804 ENTR','EC CEM GUAYAQUIL','GUAYAS - GUAYAQUIL','VENEZUELA #3804 ENTRE LA 12 Y  CALLE','RETIRADO','505596195-020','HF'),(624,'20.10.2023','019005-001163086','4-2465649','09.11.2023','6133582 - SALVACERO ','0992681845001','SALVACERO CIA. LTDA.','VENEZUELA #3804 ENTR','EC CEM GUAYAQUIL','GUAYAS - GUAYAQUIL','VENEZUELA #3804 ENTRE LA 12 Y  CALLE','RETIRADO','505596195-100','HF'),(625,'20.10.2023','019005-001163086','4-2465649','09.11.2023','6133582 - SALVACERO ','0992681845001','SALVACERO CIA. LTDA.','VENEZUELA #3804 ENTR','EC CEM GUAYAQUIL','GUAYAS - GUAYAQUIL','VENEZUELA #3804 ENTRE LA 12 Y  CALLE','RETIRADO','505596195-110','HF'),(626,'20.10.2023','019005-001163086','4-2465649','09.11.2023','6133582 - SALVACERO ','0992681845001','SALVACERO CIA. LTDA.','VENEZUELA #3804 ENTR','EC CEM GUAYAQUIL','GUAYAS - GUAYAQUIL','VENEZUELA #3804 ENTRE LA 12 Y  CALLE','RETIRADO','505596195-120','HF'),(627,'20.10.2023','019005-001163086','4-2465649','09.11.2023','6133582 - SALVACERO ','0992681845001','SALVACERO CIA. LTDA.','VENEZUELA #3804 ENTR','EC CEM GUAYAQUIL','GUAYAS - GUAYAQUIL','VENEZUELA #3804 ENTRE LA 12 Y  CALLE','RETIRADO','505596195-010','HF'),(628,'20.10.2023','019005-001163086','4-2465649','09.11.2023','6133582 - SALVACERO ','0992681845001','SALVACERO CIA. LTDA.','VENEZUELA #3804 ENTR','EC CEM GUAYAQUIL','GUAYAS - GUAYAQUIL','VENEZUELA #3804 ENTRE LA 12 Y  CALLE','RETIRADO','505596195-080','HF'),(629,'20.10.2023','019005-001163086','4-2465649','09.11.2023','6133582 - SALVACERO ','0992681845001','SALVACERO CIA. LTDA.','VENEZUELA #3804 ENTR','EC CEM GUAYAQUIL','GUAYAS - GUAYAQUIL','VENEZUELA #3804 ENTRE LA 12 Y  CALLE','RETIRADO','505596195-030','HF'),(630,'20.10.2023','019005-001163086','4-2465649','09.11.2023','6133582 - SALVACERO ','0992681845001','SALVACERO CIA. LTDA.','VENEZUELA #3804 ENTR','EC CEM GUAYAQUIL','GUAYAS - GUAYAQUIL','VENEZUELA #3804 ENTRE LA 12 Y  CALLE','RETIRADO','505596195-040','HF'),(631,'20.10.2023','019005-001163086','4-2465649','09.11.2023','6133582 - SALVACERO ','0992681845001','SALVACERO CIA. LTDA.','VENEZUELA #3804 ENTR','EC CEM GUAYAQUIL','GUAYAS - GUAYAQUIL','VENEZUELA #3804 ENTRE LA 12 Y  CALLE','RETIRADO','505596195-050','HF'),(632,'31.10.2023','019005-001166078','4-2465649','20.11.2023','6133582 - SALVACERO ','0992681845001','SALVACERO CIA. LTDA.','VENEZUELA #3804 ENTR','EC CEM GUAYAQUIL','GUAYAS - GUAYAQUIL','VENEZUELA #3804 ENTRE LA 12 Y  CALLE','RETIRADO','505641166-010','HF'),(633,'31.10.2023','019005-001166078','4-2465649','20.11.2023','6133582 - SALVACERO ','0992681845001','SALVACERO CIA. LTDA.','VENEZUELA #3804 ENTR','EC CEM GUAYAQUIL','GUAYAS - GUAYAQUIL','VENEZUELA #3804 ENTRE LA 12 Y  CALLE','RETIRADO','505641166-020','HF'),(634,'31.10.2023','019005-001166078','4-2465649','20.11.2023','6133582 - SALVACERO ','0992681845001','SALVACERO CIA. LTDA.','VENEZUELA #3804 ENTR','EC CEM GUAYAQUIL','GUAYAS - GUAYAQUIL','VENEZUELA #3804 ENTRE LA 12 Y  CALLE','RETIRADO','505641166-030','HF'),(635,'31.10.2023','019005-001166078','4-2465649','20.11.2023','6133582 - SALVACERO ','0992681845001','SALVACERO CIA. LTDA.','VENEZUELA #3804 ENTR','EC CEM GUAYAQUIL','GUAYAS - GUAYAQUIL','VENEZUELA #3804 ENTRE LA 12 Y  CALLE','RETIRADO','505641166-040','HF'),(636,'31.10.2023','019005-001166078','4-2465649','20.11.2023','6133582 - SALVACERO ','0992681845001','SALVACERO CIA. LTDA.','VENEZUELA #3804 ENTR','EC CEM GUAYAQUIL','GUAYAS - GUAYAQUIL','VENEZUELA #3804 ENTRE LA 12 Y  CALLE','RETIRADO','505641166-090','HF'),(637,'31.10.2023','019005-001166078','4-2465649','20.11.2023','6133582 - SALVACERO ','0992681845001','SALVACERO CIA. LTDA.','VENEZUELA #3804 ENTR','EC CEM GUAYAQUIL','GUAYAS - GUAYAQUIL','VENEZUELA #3804 ENTRE LA 12 Y  CALLE','RETIRADO','505641166-060','HF'),(638,'31.10.2023','019005-001166078','4-2465649','20.11.2023','6133582 - SALVACERO ','0992681845001','SALVACERO CIA. LTDA.','VENEZUELA #3804 ENTR','EC CEM GUAYAQUIL','GUAYAS - GUAYAQUIL','VENEZUELA #3804 ENTRE LA 12 Y  CALLE','RETIRADO','505641166-070','HF'),(639,'31.10.2023','019005-001166078','4-2465649','20.11.2023','6133582 - SALVACERO ','0992681845001','SALVACERO CIA. LTDA.','VENEZUELA #3804 ENTR','EC CEM GUAYAQUIL','GUAYAS - GUAYAQUIL','VENEZUELA #3804 ENTRE LA 12 Y  CALLE','RETIRADO','505641166-080','HF'),(640,'31.10.2023','019005-001166078','4-2465649','20.11.2023','6133582 - SALVACERO ','0992681845001','SALVACERO CIA. LTDA.','VENEZUELA #3804 ENTR','EC CEM GUAYAQUIL','GUAYAS - GUAYAQUIL','VENEZUELA #3804 ENTRE LA 12 Y  CALLE','RETIRADO','505641166-050','HF'),(641,'31.10.2023','019005-001166098','4-2465649','20.11.2023','6133582 - SALVACERO ','0992681845001','SALVACERO CIA. LTDA.','VENEZUELA #3804 ENTR','','GUAYAS - GUAYAQUIL','VENEZUELA #3804 ENTRE LA 12 Y  CALLE','ENTREGADO','505641294-010','ANDEC'),(642,'31.10.2023','019005-001166098','4-2465649','20.11.2023','6133582 - SALVACERO ','0992681845001','SALVACERO CIA. LTDA.','VENEZUELA #3804 ENTR','','GUAYAS - GUAYAQUIL','VENEZUELA #3804 ENTRE LA 12 Y  CALLE','ENTREGADO','505641294-020','ANDEC'),(643,'31.10.2023','019005-001166335','4-2465649','20.11.2023','6133582 - SALVACERO ','0992681845001','SALVACERO CIA. LTDA.','VENEZUELA #3804 ENTR','','GUAYAS - GUAYAQUIL','VENEZUELA #3804 ENTRE LA 12 Y  CALLE','ENTREGADO','505642454-010','ANDEC'),(644,'02.11.2023','019-005-001167048','4-2465649','22.11.2023','6133582 - SALVACERO ','0992681845001','SALVACERO CIA. LTDA.','VENEZUELA #3804 ENTR','EC CEM GUAYAQUIL','GUAYAS - GUAYAQUIL','VENEZUELA #3804 ENTRE LA 12 Y  CALLE','RETIRADO','505653213','4583112331'),(645,'02.11.2023','019-005-001167047','4-2465649','22.11.2023','6133582 - SALVACERO ','0992681845001','SALVACERO CIA. LTDA.','VENEZUELA #3804 ENTR','SUMINISTRADOR ANDEC','GUAYAS - GUAYAQUIL','VENEZUELA #3804 ENTRE LA 12 Y  CALLE','ENTREGADO','505653199','4583112329'),(646,'01.11.2023','019-005-001166946','4-2465649','21.11.2023','6133582 - SALVACERO ','0992681845001','SALVACERO CIA. LTDA.','VENEZUELA #3804 ENTR','EC CEM GUAYAQUIL','GUAYAS - GUAYAQUIL','VENEZUELA #3804 ENTRE LA 12 Y  CALLE','RETIRADO','505650851','4583112200'),(647,'01.11.2023','019-005-001166879','4-2465649','21.11.2023','6133582 - SALVACERO ','0992681845001','SALVACERO CIA. LTDA.','VENEZUELA #3804 ENTR','EC CEM GUAYAQUIL','GUAYAS - GUAYAQUIL','VENEZUELA #3804 ENTRE LA 12 Y  CALLE','RETIRADO','505649965','4583112119'),(648,'31.10.2023','019-005-001166486','4-2465649','20.11.2023','6133582 - SALVACERO ','0992681845001','SALVACERO CIA. LTDA.','VENEZUELA #3804 ENTR','SUMINISTRADOR INTACO','GUAYAS - GUAYAQUIL','VENEZUELA #3804 ENTRE LA 12 Y  CALLE','RETIRADO','505643989','4583111642'),(649,'01.11.2023','019005-001166864','4-2465649','21.11.2023','6133582 - SALVACERO ','0992681845001','SALVACERO CIA. LTDA.','VENEZUELA #3804 ENTR','EC CEM GUAYAQUIL','GUAYAS - GUAYAQUIL','VENEZUELA #3804 ENTRE LA 12 Y  CALLE','RETIRADO','505649801-010','HF'),(650,'01.11.2023','019005-001166864','4-2465649','21.11.2023','6133582 - SALVACERO ','0992681845001','SALVACERO CIA. LTDA.','VENEZUELA #3804 ENTR','EC CEM GUAYAQUIL','GUAYAS - GUAYAQUIL','VENEZUELA #3804 ENTRE LA 12 Y  CALLE','RETIRADO','505649801-050','HF'),(651,'01.11.2023','019005-001166864','4-2465649','21.11.2023','6133582 - SALVACERO ','0992681845001','SALVACERO CIA. LTDA.','VENEZUELA #3804 ENTR','EC CEM GUAYAQUIL','GUAYAS - GUAYAQUIL','VENEZUELA #3804 ENTRE LA 12 Y  CALLE','RETIRADO','505649801-020','HF'),(652,'01.11.2023','019005-001166864','4-2465649','21.11.2023','6133582 - SALVACERO ','0992681845001','SALVACERO CIA. LTDA.','VENEZUELA #3804 ENTR','EC CEM GUAYAQUIL','GUAYAS - GUAYAQUIL','VENEZUELA #3804 ENTRE LA 12 Y  CALLE','RETIRADO','505649801-030','HF'),(653,'01.11.2023','019005-001166864','4-2465649','21.11.2023','6133582 - SALVACERO ','0992681845001','SALVACERO CIA. LTDA.','VENEZUELA #3804 ENTR','EC CEM GUAYAQUIL','GUAYAS - GUAYAQUIL','VENEZUELA #3804 ENTRE LA 12 Y  CALLE','RETIRADO','505649801-040','HF'),(654,'01.11.2023','019005-001166864','4-2465649','21.11.2023','6133582 - SALVACERO ','0992681845001','SALVACERO CIA. LTDA.','VENEZUELA #3804 ENTR','EC CEM GUAYAQUIL','GUAYAS - GUAYAQUIL','VENEZUELA #3804 ENTRE LA 12 Y  CALLE','RETIRADO','505649801-100','HF'),(655,'01.11.2023','019005-001166864','4-2465649','21.11.2023','6133582 - SALVACERO ','0992681845001','SALVACERO CIA. LTDA.','VENEZUELA #3804 ENTR','EC CEM GUAYAQUIL','GUAYAS - GUAYAQUIL','VENEZUELA #3804 ENTRE LA 12 Y  CALLE','RETIRADO','505649801-060','HF'),(656,'01.11.2023','019005-001166864','4-2465649','21.11.2023','6133582 - SALVACERO ','0992681845001','SALVACERO CIA. LTDA.','VENEZUELA #3804 ENTR','EC CEM GUAYAQUIL','GUAYAS - GUAYAQUIL','VENEZUELA #3804 ENTRE LA 12 Y  CALLE','RETIRADO','505649801-070','HF'),(657,'01.11.2023','019005-001166864','4-2465649','21.11.2023','6133582 - SALVACERO ','0992681845001','SALVACERO CIA. LTDA.','VENEZUELA #3804 ENTR','EC CEM GUAYAQUIL','GUAYAS - GUAYAQUIL','VENEZUELA #3804 ENTRE LA 12 Y  CALLE','RETIRADO','505649801-080','HF'),(658,'01.11.2023','019005-001166864','4-2465649','21.11.2023','6133582 - SALVACERO ','0992681845001','SALVACERO CIA. LTDA.','VENEZUELA #3804 ENTR','EC CEM GUAYAQUIL','GUAYAS - GUAYAQUIL','VENEZUELA #3804 ENTRE LA 12 Y  CALLE','RETIRADO','505649801-090','HF');
/*!40000 ALTER TABLE `guias` ENABLE KEYS */;
UNLOCK TABLES;

--
-- Table structure for table `guias_detalle`
--

DROP TABLE IF EXISTS `guias_detalle`;
/*!40101 SET @saved_cs_client     = @@character_set_client */;
/*!40101 SET character_set_client = utf8 */;
CREATE TABLE `guias_detalle` (
  `ID` int(11) NOT NULL AUTO_INCREMENT,
  `PEDIDO_INTERNO` varchar(20) DEFAULT NULL,
  `ORD` varchar(20) DEFAULT NULL,
  `CODIGO` varchar(50) DEFAULT NULL,
  `DESCRIPCION` varchar(500) DEFAULT NULL,
  `UNIDAD` varchar(20) DEFAULT NULL,
  `POR_DESPACHAR` varchar(20) DEFAULT NULL,
  `DESPACHADA` varchar(100) DEFAULT NULL,
  `ENTREGADA` varchar(100) DEFAULT NULL,
  PRIMARY KEY (`ID`)
) ENGINE=InnoDB AUTO_INCREMENT=744 DEFAULT CHARSET=utf8mb4;
/*!40101 SET character_set_client = @saved_cs_client */;

--
-- Dumping data for table `guias_detalle`
--

LOCK TABLES `guias_detalle` WRITE;
/*!40000 ALTER TABLE `guias_detalle` DISABLE KEYS */;
INSERT INTO `guias_detalle` VALUES (640,'505629515','01','10016416','Cemento Holcim Fuerte Tipo GU 50Kg - GU','SAC','360.00','',''),(641,'505629514','01','10016416','Cemento Holcim Fuerte Tipo GU 50Kg - GU','SAC','360.00','',''),(642,'505628699','01','10016416','Cemento Holcim Fuerte Tipo GU 50Kg - GU','SAC','400.00','',''),(643,'505628698','01','10016416','Cemento Holcim Fuerte Tipo GU 50Kg - GU','SAC','400.00','',''),(644,'505628697','01','10016416','Cemento Holcim Fuerte Tipo GU 50Kg - GU','SAC','400.00','',''),(645,'505628695','01','10016416','Cemento Holcim Fuerte Tipo GU 50Kg - GU','SAC','400.00','',''),(646,'505628694','01','10016416','Cemento Holcim Fuerte Tipo GU 50Kg - GU','SAC','400.00','',''),(647,'505628693','01','10016416','Cemento Holcim Fuerte Tipo GU 50Kg - GU','SAC','400.00','',''),(648,'505621037','01','91001868','Varilla Corrugada 08mm x 12m ANDEC','UN','500.00','',''),(649,'505621037','02','91001871','Varilla Corrugada 10mm x 12m ANDEC','UN','330.00','',''),(650,'505641987','01','91010981','Bondex Standard Ceramica 25Kg','SAC','800.00','',''),(651,'505639349','01','10016416','Cemento Holcim Fuerte Tipo GU 50Kg - GU','SAC','360.00','',''),(652,'505639288','01','10016416','Cemento Holcim Fuerte Tipo GU 50Kg - GU','SAC','240.00','',''),(653,'505639040','01','10016416','Cemento Holcim Fuerte Tipo GU 50Kg - GU','SAC','160.00','',''),(654,'505637208','01','10016416','Cemento Holcim Fuerte Tipo GU 50Kg - GU','SAC','400.00','',''),(655,'505637207','01','10016416','Cemento Holcim Fuerte Tipo GU 50Kg - GU','SAC','400.00','',''),(656,'505637206','01','10016416','Cemento Holcim Fuerte Tipo GU 50Kg - GU','SAC','400.00','',''),(657,'505637205','01','10016416','Cemento Holcim Fuerte Tipo GU 50Kg - GU','SAC','400.00','',''),(658,'505637167','01','91025245','Groutex Rustico Terracota 2Kg','UN','24.00','',''),(659,'505637167','02','91025242','Groutex Rustico Sahara 2Kg','UN','10.00','',''),(660,'505631234','01','10016416','Cemento Holcim Fuerte Tipo GU 50Kg - GU','SAC','640.00','',''),(661,'505631233','01','10016416','Cemento Holcim Fuerte Tipo GU 50Kg - GU','SAC','640.00','',''),(662,'505629516','01','10016416','Cemento Holcim Fuerte Tipo GU 50Kg - GU','SAC','360.00','',''),(663,'505629515','01','10016416','Cemento Holcim Fuerte Tipo GU 50Kg - GU','SAC','360.00','',''),(664,'505629514','01','10016416','Cemento Holcim Fuerte Tipo GU 50Kg - GU','SAC','360.00','',''),(665,'505628699','01','10016416','Cemento Holcim Fuerte Tipo GU 50Kg - GU','SAC','400.00','',''),(666,'505628698','01','10016416','Cemento Holcim Fuerte Tipo GU 50Kg - GU','SAC','400.00','',''),(667,'505628697','01','10016416','Cemento Holcim Fuerte Tipo GU 50Kg - GU','SAC','400.00','',''),(668,'505628695','01','10016416','Cemento Holcim Fuerte Tipo GU 50Kg - GU','SAC','400.00','',''),(669,'505628694','01','10016416','Cemento Holcim Fuerte Tipo GU 50Kg - GU','SAC','400.00','',''),(670,'505628693','01','10016416','Cemento Holcim Fuerte Tipo GU 50Kg - GU','SAC','400.00','',''),(671,'505621037','01','91001868','Varilla Corrugada 08mm x 12m ANDEC','UN','500.00','',''),(672,'505621037','02','91001871','Varilla Corrugada 10mm x 12m ANDEC','UN','330.00','',''),(673,'505616264','01','10016416','Cemento Holcim Fuerte Tipo GU 50Kg - GU','SAC','400.00','',''),(674,'505616263','01','10016416','Cemento Holcim Fuerte Tipo GU 50Kg - GU','SAC','400.00','',''),(675,'505616262','01','10016416','Cemento Holcim Fuerte Tipo GU 50Kg - GU','SAC','400.00','',''),(676,'505616072','01','10016416','Cemento Holcim Fuerte Tipo GU 50Kg - GU','SAC','360.00','',''),(677,'505616071','01','10016416','Cemento Holcim Fuerte Tipo GU 50Kg - GU','SAC','360.00','',''),(678,'505616070','01','10016416','Cemento Holcim Fuerte Tipo GU 50Kg - GU','SAC','360.00','',''),(679,'505616069','01','10016416','Cemento Holcim Fuerte Tipo GU 50Kg - GU','SAC','360.00','',''),(680,'505616068','01','10016416','Cemento Holcim Fuerte Tipo GU 50Kg - GU','SAC','360.00','',''),(681,'505615955','01','10016416','Cemento Holcim Fuerte Tipo GU 50Kg - GU','SAC','400.00','',''),(682,'505615954','01','10016416','Cemento Holcim Fuerte Tipo GU 50Kg - GU','SAC','400.00','',''),(683,'505615953','01','10016416','Cemento Holcim Fuerte Tipo GU 50Kg - GU','SAC','400.00','',''),(684,'505615952','01','10016416','Cemento Holcim Fuerte Tipo GU 50Kg - GU','SAC','400.00','',''),(685,'505615950','01','10016416','Cemento Holcim Fuerte Tipo GU 50Kg - GU','SAC','400.00','',''),(686,'505615949','01','10016416','Cemento Holcim Fuerte Tipo GU 50Kg - GU','SAC','400.00','',''),(687,'505615948','01','10016416','Cemento Holcim Fuerte Tipo GU 50Kg - GU','SAC','400.00','',''),(688,'505610823','01','10016416','Cemento Holcim Fuerte Tipo GU 50Kg - GU','SAC','360.00','',''),(689,'505610822','01','10016416','Cemento Holcim Fuerte Tipo GU 50Kg - GU','SAC','360.00','',''),(690,'505610388','01','10016416','Cemento Holcim Fuerte Tipo GU 50Kg - GU','SAC','400.00','',''),(691,'505610387','01','10016416','Cemento Holcim Fuerte Tipo GU 50Kg - GU','SAC','400.00','',''),(692,'505610385','01','10016416','Cemento Holcim Fuerte Tipo GU 50Kg - GU','SAC','400.00','',''),(693,'505610384','01','10016416','Cemento Holcim Fuerte Tipo GU 50Kg - GU','SAC','400.00','',''),(694,'505605665','01','10016416','Cemento Holcim Fuerte Tipo GU 50Kg - GU','SAC','400.00','',''),(695,'505605664','01','10016416','Cemento Holcim Fuerte Tipo GU 50Kg - GU','SAC','400.00','',''),(696,'505605663','01','10016416','Cemento Holcim Fuerte Tipo GU 50Kg - GU','SAC','400.00','',''),(697,'505605662','01','10016416','Cemento Holcim Fuerte Tipo GU 50Kg - GU','SAC','400.00','',''),(698,'505605661','01','10016416','Cemento Holcim Fuerte Tipo GU 50Kg - GU','SAC','400.00','',''),(699,'505605660','01','10016416','Cemento Holcim Fuerte Tipo GU 50Kg - GU','SAC','400.00','',''),(700,'505601739','01','10016416','Cemento Holcim Fuerte Tipo GU 50Kg - GU','SAC','640.00','',''),(701,'505601270','01','10016416','Cemento Holcim Fuerte Tipo GU 50Kg - GU','SAC','160.00','',''),(702,'505594811','01','10016416','Cemento Holcim Fuerte Tipo GU 50Kg - GU','SAC','360.00','',''),(703,'505594810','01','10016416','Cemento Holcim Fuerte Tipo GU 50Kg - GU','SAC','360.00','',''),(704,'505596195-090','090','10016416','Cemento Holcim Fuerte Tipo GU 50Kg','SAC','360.00','',''),(705,'505596195-060','060','10016416','Cemento Holcim Fuerte Tipo GU 50Kg','SAC','400.00','',''),(706,'505596195-070','070','10016416','Cemento Holcim Fuerte Tipo GU 50Kg','SAC','400.00','',''),(707,'505596195-020','020','10016416','Cemento Holcim Fuerte Tipo GU 50Kg','SAC','400.00','',''),(708,'505596195-100','100','10016416','Cemento Holcim Fuerte Tipo GU 50Kg','SAC','360.00','',''),(709,'505596195-110','110','10016416','Cemento Holcim Fuerte Tipo GU 50Kg','SAC','360.00','',''),(710,'505596195-120','120','10016416','Cemento Holcim Fuerte Tipo GU 50Kg','SAC','360.00','',''),(711,'505596195-010','010','10016416','Cemento Holcim Fuerte Tipo GU 50Kg','SAC','400.00','',''),(712,'505596195-080','080','10016416','Cemento Holcim Fuerte Tipo GU 50Kg','SAC','400.00','',''),(713,'505596195-030','030','10016416','Cemento Holcim Fuerte Tipo GU 50Kg','SAC','400.00','',''),(714,'505596195-040','040','10016416','Cemento Holcim Fuerte Tipo GU 50Kg','SAC','400.00','',''),(715,'505596195-050','050','10016416','Cemento Holcim Fuerte Tipo GU 50Kg','SAC','400.00','',''),(716,'505641166-010','010','10016416','Cemento Holcim Fuerte Tipo GU 50Kg','SAC','360.00','',''),(717,'505641166-020','020','10016416','Cemento Holcim Fuerte Tipo GU 50Kg','SAC','360.00','',''),(718,'505641166-030','030','10016416','Cemento Holcim Fuerte Tipo GU 50Kg','SAC','360.00','',''),(719,'505641166-040','040','10016416','Cemento Holcim Fuerte Tipo GU 50Kg','SAC','400.00','',''),(720,'505641166-090','090','10016416','Cemento Holcim Fuerte Tipo GU 50Kg','SAC','400.00','',''),(721,'505641166-060','060','10016416','Cemento Holcim Fuerte Tipo GU 50Kg','SAC','400.00','',''),(722,'505641166-070','070','10016416','Cemento Holcim Fuerte Tipo GU 50Kg','SAC','400.00','',''),(723,'505641166-080','080','10016416','Cemento Holcim Fuerte Tipo GU 50Kg','SAC','400.00','',''),(724,'505641166-050','050','10016416','Cemento Holcim Fuerte Tipo GU 50Kg','SAC','400.00','',''),(725,'505641294-010','010','91001868','Varilla Corrugada 08mm x 12m ANDEC','UN','100.00','',''),(726,'505641294-020','020','91001874','Varilla Corrugada 12mm x 12m ANDEC','UN','690.00','',''),(727,'505642454-010','010','91001868','Varilla Corrugada 08mm x 12m ANDEC','UN','900.00','',''),(728,'505653213','01','10016416','Cemento Holcim Fuerte Tipo GU 50Kg - GU','SAC','320.00','',''),(729,'505653199','01','91001868','Varilla Corrugada 08mm x 12m ANDEC','UN','200.00','',''),(730,'505653199','02','91001874','Varilla Corrugada 12mm x 12m ANDEC','UN','160.00','',''),(731,'505650851','01','10016416','Cemento Holcim Fuerte Tipo GU 50Kg - GU','SAC','640.00','',''),(732,'505649965','01','10016416','Cemento Holcim Fuerte Tipo GU 50Kg - GU','SAC','360.00','',''),(733,'505643989','01','91010981','Bondex Standard Ceramica 25Kg','SAC','800.00','',''),(734,'505649801-010','010','10016416','Cemento Holcim Fuerte Tipo GU 50Kg','SAC','360.00','',''),(735,'505649801-050','050','10016416','Cemento Holcim Fuerte Tipo GU 50Kg','SAC','400.00','',''),(736,'505649801-020','020','10016416','Cemento Holcim Fuerte Tipo GU 50Kg','SAC','360.00','',''),(737,'505649801-030','030','10016416','Cemento Holcim Fuerte Tipo GU 50Kg','SAC','360.00','',''),(738,'505649801-040','040','10016416','Cemento Holcim Fuerte Tipo GU 50Kg','SAC','360.00','',''),(739,'505649801-100','100','10016416','Cemento Holcim Fuerte Tipo GU 50Kg','SAC','400.00','',''),(740,'505649801-060','060','10016416','Cemento Holcim Fuerte Tipo GU 50Kg','SAC','400.00','',''),(741,'505649801-070','070','10016416','Cemento Holcim Fuerte Tipo GU 50Kg','SAC','400.00','',''),(742,'505649801-080','080','10016416','Cemento Holcim Fuerte Tipo GU 50Kg','SAC','400.00','',''),(743,'505649801-090','090','10016416','Cemento Holcim Fuerte Tipo GU 50Kg','SAC','400.00','','');
/*!40000 ALTER TABLE `guias_detalle` ENABLE KEYS */;
UNLOCK TABLES;

--
-- Table structure for table `sis_menu`
--

DROP TABLE IF EXISTS `sis_menu`;
/*!40101 SET @saved_cs_client     = @@character_set_client */;
/*!40101 SET character_set_client = utf8 */;
CREATE TABLE `sis_menu` (
  `menu_ID` int(11) NOT NULL AUTO_INCREMENT,
  `Nombre` varchar(50) DEFAULT NULL,
  `ruta` varchar(500) DEFAULT NULL,
  `icono` varchar(50) DEFAULT NULL,
  `vista` varchar(1000) DEFAULT NULL,
  `variable` varchar(100) DEFAULT NULL,
  PRIMARY KEY (`menu_ID`)
) ENGINE=InnoDB AUTO_INCREMENT=7 DEFAULT CHARSET=utf8mb4;
/*!40101 SET character_set_client = @saved_cs_client */;

--
-- Dumping data for table `sis_menu`
--

LOCK TABLES `sis_menu` WRITE;
/*!40000 ALTER TABLE `sis_menu` DISABLE KEYS */;
INSERT INTO `sis_menu` VALUES (1,'Dashboard','dashboard','cilSpeedometer','dashboard/Dashboard','dashboard'),(2,'Despacho','despacho','cilNotes',NULL,NULL),(3,'Mantenimiento','mantenimiento','cilPuzzle',NULL,NULL),(4,'Facturas','Facuras','cilPuzzle','facturas/Facturas','facturas'),(5,'Desarrollo','desarrollo','cilPuzzle',NULL,''),(6,'Reportes','reportes','cilPuzzle',NULL,NULL);
/*!40000 ALTER TABLE `sis_menu` ENABLE KEYS */;
UNLOCK TABLES;

--
-- Table structure for table `sis_parametros`
--

DROP TABLE IF EXISTS `sis_parametros`;
/*!40101 SET @saved_cs_client     = @@character_set_client */;
/*!40101 SET character_set_client = utf8 */;
CREATE TABLE `sis_parametros` (
  `ID` int(11) NOT NULL AUTO_INCREMENT,
  `parametro_nombre` varchar(50) DEFAULT NULL,
  `paramentro_valor` float DEFAULT NULL,
  PRIMARY KEY (`ID`)
) ENGINE=InnoDB AUTO_INCREMENT=2 DEFAULT CHARSET=utf8mb4;
/*!40101 SET character_set_client = @saved_cs_client */;

--
-- Dumping data for table `sis_parametros`
--

LOCK TABLES `sis_parametros` WRITE;
/*!40000 ALTER TABLE `sis_parametros` DISABLE KEYS */;
INSERT INTO `sis_parametros` VALUES (1,'IVA',12);
/*!40000 ALTER TABLE `sis_parametros` ENABLE KEYS */;
UNLOCK TABLES;

--
-- Table structure for table `sis_submenu`
--

DROP TABLE IF EXISTS `sis_submenu`;
/*!40101 SET @saved_cs_client     = @@character_set_client */;
/*!40101 SET character_set_client = utf8 */;
CREATE TABLE `sis_submenu` (
  `submenu_ID` int(11) NOT NULL AUTO_INCREMENT,
  `padre_id` int(11) DEFAULT NULL,
  `sub_nombre` varchar(200) DEFAULT NULL,
  `ruta` varchar(500) DEFAULT NULL,
  `icono` varchar(50) DEFAULT NULL,
  `vista` varchar(1000) DEFAULT NULL,
  `variable` varchar(100) DEFAULT NULL,
  PRIMARY KEY (`submenu_ID`)
) ENGINE=InnoDB AUTO_INCREMENT=8 DEFAULT CHARSET=utf8mb4;
/*!40101 SET character_set_client = @saved_cs_client */;

--
-- Dumping data for table `sis_submenu`
--

LOCK TABLES `sis_submenu` WRITE;
/*!40000 ALTER TABLE `sis_submenu` DISABLE KEYS */;
INSERT INTO `sis_submenu` VALUES (1,2,'Ingresar Guia','despacho/guias',NULL,'despacho/guias/Guias','guias'),(2,2,'Administrar Guias','despacho/administrar',NULL,'despacho/administrar/Administrar','administracion'),(3,3,'Usuarios','mantenimiento/usuarios',NULL,'mantenimiento/usuarios/Usuarios','usuarios'),(4,3,'Clientes','mantenimiento/clientes',NULL,'mantenimiento/clientes/Clientes','clientes'),(5,5,'Scrapys','desarrollo/scrapy',NULL,'desarrollo/scrapy/Scrapy','scrapy'),(6,3,'Choferes','mantenimiento/choferes',NULL,'mantenimiento/choferes/Choferes','choferes'),(7,6,'Reportes guias','reportes/guias',NULL,'reportes/guias/Guias','reportes_guias');
/*!40000 ALTER TABLE `sis_submenu` ENABLE KEYS */;
UNLOCK TABLES;

--
-- Table structure for table `sis_sucursales`
--

DROP TABLE IF EXISTS `sis_sucursales`;
/*!40101 SET @saved_cs_client     = @@character_set_client */;
/*!40101 SET character_set_client = utf8 */;
CREATE TABLE `sis_sucursales` (
  `ID` int(11) NOT NULL AUTO_INCREMENT,
  `Nombre` varchar(100) DEFAULT NULL,
  `Estado` int(11) DEFAULT 1,
  `fecha_creado` datetime NOT NULL DEFAULT current_timestamp(),
  `creado_por` varchar(20) DEFAULT NULL,
  PRIMARY KEY (`ID`)
) ENGINE=InnoDB AUTO_INCREMENT=2 DEFAULT CHARSET=utf8mb4;
/*!40101 SET character_set_client = @saved_cs_client */;

--
-- Dumping data for table `sis_sucursales`
--

LOCK TABLES `sis_sucursales` WRITE;
/*!40000 ALTER TABLE `sis_sucursales` DISABLE KEYS */;
INSERT INTO `sis_sucursales` VALUES (1,'GUAYAQUIL',1,'2023-10-11 23:32:49','JALVARADO');
/*!40000 ALTER TABLE `sis_sucursales` ENABLE KEYS */;
UNLOCK TABLES;

--
-- Table structure for table `sis_usuario_accesos`
--

DROP TABLE IF EXISTS `sis_usuario_accesos`;
/*!40101 SET @saved_cs_client     = @@character_set_client */;
/*!40101 SET character_set_client = utf8 */;
CREATE TABLE `sis_usuario_accesos` (
  `usuario_ID` int(11) DEFAULT NULL,
  `menu_ID` int(11) DEFAULT NULL,
  `submenu_ID` int(11) DEFAULT NULL
) ENGINE=InnoDB DEFAULT CHARSET=utf8mb4;
/*!40101 SET character_set_client = @saved_cs_client */;

--
-- Dumping data for table `sis_usuario_accesos`
--

LOCK TABLES `sis_usuario_accesos` WRITE;
/*!40000 ALTER TABLE `sis_usuario_accesos` DISABLE KEYS */;
INSERT INTO `sis_usuario_accesos` VALUES (1,1,NULL),(1,2,NULL),(1,2,1),(1,2,2),(1,3,NULL),(1,3,3),(1,3,4),(1,3,6),(1,5,NULL),(1,5,5),(6,1,NULL),(6,2,NULL),(6,2,2),(6,3,NULL),(6,3,3),(6,3,4),(6,3,6);
/*!40000 ALTER TABLE `sis_usuario_accesos` ENABLE KEYS */;
UNLOCK TABLES;

--
-- Table structure for table `us_choferes`
--

DROP TABLE IF EXISTS `us_choferes`;
/*!40101 SET @saved_cs_client     = @@character_set_client */;
/*!40101 SET character_set_client = utf8 */;
CREATE TABLE `us_choferes` (
  `ID` int(11) NOT NULL AUTO_INCREMENT,
  `usuario_id` int(11) DEFAULT NULL,
  `PLACA` varchar(10) DEFAULT NULL,
  `ESTADO` int(11) DEFAULT 1,
  `FECHA_CREADO` datetime NOT NULL DEFAULT current_timestamp(),
  `CREADO_POR` varchar(20) DEFAULT NULL,
  PRIMARY KEY (`ID`)
) ENGINE=InnoDB AUTO_INCREMENT=13 DEFAULT CHARSET=utf8mb4;
/*!40101 SET character_set_client = @saved_cs_client */;

--
-- Dumping data for table `us_choferes`
--

LOCK TABLES `us_choferes` WRITE;
/*!40000 ALTER TABLE `us_choferes` DISABLE KEYS */;
INSERT INTO `us_choferes` VALUES (6,7,'GBO-4396',1,'2023-10-31 11:53:58','JALVARADO'),(7,8,'GBO-7782',1,'2023-10-31 11:54:05','JALVARADO'),(8,9,'GBO-7758',1,'2023-10-31 11:54:50','JALVARADO'),(9,10,'KAB-0938',1,'2023-10-31 11:54:58','JALVARADO'),(10,11,'JBA-2916',1,'2023-10-31 11:55:10','JALVARADO'),(11,12,'GSY-4052',1,'2023-10-31 11:55:19','JALVARADO'),(12,13,'GBN-6978',1,'2023-10-31 13:54:00','JALVARADO');
/*!40000 ALTER TABLE `us_choferes` ENABLE KEYS */;
UNLOCK TABLES;

--
-- Table structure for table `us_departamentos`
--

DROP TABLE IF EXISTS `us_departamentos`;
/*!40101 SET @saved_cs_client     = @@character_set_client */;
/*!40101 SET character_set_client = utf8 */;
CREATE TABLE `us_departamentos` (
  `ID` int(11) NOT NULL AUTO_INCREMENT,
  `nombre` varchar(20) DEFAULT NULL,
  `fecha_creado` datetime NOT NULL DEFAULT current_timestamp(),
  `creado_por` varchar(20) DEFAULT NULL,
  `estado` int(11) DEFAULT 1,
  PRIMARY KEY (`ID`)
) ENGINE=InnoDB AUTO_INCREMENT=3 DEFAULT CHARSET=utf8mb4;
/*!40101 SET character_set_client = @saved_cs_client */;

--
-- Dumping data for table `us_departamentos`
--

LOCK TABLES `us_departamentos` WRITE;
/*!40000 ALTER TABLE `us_departamentos` DISABLE KEYS */;
INSERT INTO `us_departamentos` VALUES (1,'DEPARTAMENTO 1','2023-10-11 22:59:06','JALVARADO',1),(2,'SISTEMAS','2023-10-11 22:59:17','JALVARADO',1);
/*!40000 ALTER TABLE `us_departamentos` ENABLE KEYS */;
UNLOCK TABLES;

--
-- Table structure for table `us_usuarios`
--

DROP TABLE IF EXISTS `us_usuarios`;
/*!40101 SET @saved_cs_client     = @@character_set_client */;
/*!40101 SET character_set_client = utf8 */;
CREATE TABLE `us_usuarios` (
  `Usuario_ID` int(11) NOT NULL AUTO_INCREMENT,
  `Usuario` varchar(20) DEFAULT NULL,
  `Nombre` varchar(100) DEFAULT NULL,
  `password` varchar(500) DEFAULT NULL,
  `email` varchar(200) DEFAULT NULL,
  `departamento_id` int(11) DEFAULT NULL,
  `sucursal_id` int(11) DEFAULT NULL,
  `fecha_creado` datetime NOT NULL DEFAULT current_timestamp(),
  `Estado` int(11) DEFAULT 1,
  `fecha_actualizado` datetime DEFAULT NULL ON UPDATE current_timestamp(),
  `actualizado_por` varchar(20) DEFAULT NULL,
  `fecha_desactivado` datetime DEFAULT NULL ON UPDATE current_timestamp(),
  `desactivado_por` varchar(20) DEFAULT NULL,
  PRIMARY KEY (`Usuario_ID`)
) ENGINE=InnoDB AUTO_INCREMENT=14 DEFAULT CHARSET=utf8mb4;
/*!40101 SET character_set_client = @saved_cs_client */;

--
-- Dumping data for table `us_usuarios`
--

LOCK TABLES `us_usuarios` WRITE;
/*!40000 ALTER TABLE `us_usuarios` DISABLE KEYS */;
INSERT INTO `us_usuarios` VALUES (1,'JALVARADO','JORGE ALVARADO','5994471abb01112afcc18159f6cc74b4f511b99806da59b3caf5a9c173cacfc5','jalvaradoe3@gmail.com',2,1,'2023-10-11 23:10:55',1,'2023-10-29 14:40:31',NULL,'2023-10-29 14:40:31',NULL),(6,'prueba','prueba','5994471abb01112afcc18159f6cc74b4f511b99806da59b3caf5a9c173cacfc5','prueba',2,1,'2023-10-19 20:36:15',1,NULL,NULL,NULL,NULL),(7,'chofer1','chofer1','5994471abb01112afcc18159f6cc74b4f511b99806da59b3caf5a9c173cacfc5','',1,1,'2023-10-31 11:44:47',1,NULL,NULL,NULL,NULL),(8,'chofer2','chofer2','5994471abb01112afcc18159f6cc74b4f511b99806da59b3caf5a9c173cacfc5','',1,1,'2023-10-31 11:50:24',1,NULL,NULL,NULL,NULL),(9,'chofer3','chofer3','5994471abb01112afcc18159f6cc74b4f511b99806da59b3caf5a9c173cacfc5','',1,1,'2023-10-31 11:50:37',1,'2023-10-31 11:54:25',NULL,'2023-10-31 11:54:25',NULL),(10,'chofer4','chofer4','5994471abb01112afcc18159f6cc74b4f511b99806da59b3caf5a9c173cacfc5','',1,1,'2023-10-31 11:52:23',1,NULL,NULL,NULL,NULL),(11,'chofer5','chofer5','5994471abb01112afcc18159f6cc74b4f511b99806da59b3caf5a9c173cacfc5','',1,1,'2023-10-31 11:52:34',1,NULL,NULL,NULL,NULL),(12,'chofer6','chofer6','5994471abb01112afcc18159f6cc74b4f511b99806da59b3caf5a9c173cacfc5','',1,1,'2023-10-31 11:52:52',1,'2023-10-31 13:50:24',NULL,'2023-10-31 13:50:24',NULL),(13,'chofer7','chofer7','5994471abb01112afcc18159f6cc74b4f511b99806da59b3caf5a9c173cacfc5','',1,1,'2023-10-31 13:52:16',1,NULL,NULL,NULL,NULL);
/*!40000 ALTER TABLE `us_usuarios` ENABLE KEYS */;
UNLOCK TABLES;

--
-- Table structure for table `us_usuarios_accesos`
--

DROP TABLE IF EXISTS `us_usuarios_accesos`;
/*!40101 SET @saved_cs_client     = @@character_set_client */;
/*!40101 SET character_set_client = utf8 */;
CREATE TABLE `us_usuarios_accesos` (
  `usuario_ID` int(11) DEFAULT NULL,
  `menu_ID` int(11) DEFAULT NULL,
  `submenu_ID` int(11) DEFAULT NULL
) ENGINE=InnoDB DEFAULT CHARSET=utf8mb4;
/*!40101 SET character_set_client = @saved_cs_client */;

--
-- Dumping data for table `us_usuarios_accesos`
--

LOCK TABLES `us_usuarios_accesos` WRITE;
/*!40000 ALTER TABLE `us_usuarios_accesos` DISABLE KEYS */;
INSERT INTO `us_usuarios_accesos` VALUES (6,1,NULL),(6,2,NULL),(6,2,1),(6,2,2),(6,3,NULL),(6,3,3),(6,3,4),(6,3,6),(6,5,NULL),(6,5,5),(1,1,NULL),(1,3,NULL),(1,3,3),(1,3,4),(1,3,6),(1,2,NULL),(1,2,1),(1,2,2),(1,5,NULL),(1,5,5),(1,6,NULL),(1,6,7);
/*!40000 ALTER TABLE `us_usuarios_accesos` ENABLE KEYS */;
UNLOCK TABLES;

--
-- Dumping routines for database 'svsys'
--
/*!50003 DROP PROCEDURE IF EXISTS `GUI_GUIAS_DESPACHO_INSERT` */;
/*!50003 SET @saved_cs_client      = @@character_set_client */ ;
/*!50003 SET @saved_cs_results     = @@character_set_results */ ;
/*!50003 SET @saved_col_connection = @@collation_connection */ ;
/*!50003 SET character_set_client  = utf8mb4 */ ;
/*!50003 SET character_set_results = utf8mb4 */ ;
/*!50003 SET collation_connection  = utf8mb4_general_ci */ ;
/*!50003 SET @saved_sql_mode       = @@sql_mode */ ;
/*!50003 SET sql_mode              = 'STRICT_TRANS_TABLES,NO_ZERO_IN_DATE,NO_ZERO_DATE,NO_ENGINE_SUBSTITUTION' */ ;
DELIMITER ;;
CREATE DEFINER=`root`@`localhost` PROCEDURE `GUI_GUIAS_DESPACHO_INSERT`(
in PEDIDO_INTERNO varchar(20),
in CLIENTE_ENTREGA_ID int,
in SERVICIO_ID int,
in DESTINO_ID int,
in CREADO_POR int,
in ESTADO int,
in ESTADO_DESPACHO bit,
in PARCIAL bit,
in PLACA_CAMBIADA bit,
in PLACA_CAMBIADA_NUMERO  varchar(20)
)
begin
	
	INSERT INTO svsys.gui_guias_despachadas
(
	PEDIDO_INTERNO,
	CLIENTE_ENTREGA_ID,
	SERVICIO_ID,
	DESTINO_ID,
	CREADO_POR,
	ESTADO,
	ESTADO_DESPACHO,
	PARCIAL,
	PLACA_CAMBIADA,
	PLACA_CAMBIADA_NUMERO
	
) values
(
	PEDIDO_INTERNO,
	CLIENTE_ENTREGA_ID,
	SERVICIO_ID,
	DESTINO_ID,
	CREADO_POR,
	ESTADO,
	ESTADO_DESPACHO,
	PARCIAL,
	PLACA_CAMBIADA,
	PLACA_CAMBIADA_NUMERO
);

END ;;
DELIMITER ;
/*!50003 SET sql_mode              = @saved_sql_mode */ ;
/*!50003 SET character_set_client  = @saved_cs_client */ ;
/*!50003 SET character_set_results = @saved_cs_results */ ;
/*!50003 SET collation_connection  = @saved_col_connection */ ;
/*!40103 SET TIME_ZONE=@OLD_TIME_ZONE */;

/*!40101 SET SQL_MODE=@OLD_SQL_MODE */;
/*!40014 SET FOREIGN_KEY_CHECKS=@OLD_FOREIGN_KEY_CHECKS */;
/*!40014 SET UNIQUE_CHECKS=@OLD_UNIQUE_CHECKS */;
/*!40101 SET CHARACTER_SET_CLIENT=@OLD_CHARACTER_SET_CLIENT */;
/*!40101 SET CHARACTER_SET_RESULTS=@OLD_CHARACTER_SET_RESULTS */;
/*!40101 SET COLLATION_CONNECTION=@OLD_COLLATION_CONNECTION */;
/*!40111 SET SQL_NOTES=@OLD_SQL_NOTES */;

-- Dump completed on 2023-11-06  0:09:19
