-- MySQL dump 10.13  Distrib 5.5.62, for Win64 (AMD64)
--
-- Host: localhost    Database: svsys
-- ------------------------------------------------------
-- Server version	5.5.5-10.4.24-MariaDB

/*!40101 SET @OLD_CHARACTER_SET_CLIENT=@@CHARACTER_SET_CLIENT */;
/*!40101 SET @OLD_CHARACTER_SET_RESULTS=@@CHARACTER_SET_RESULTS */;
/*!40101 SET @OLD_COLLATION_CONNECTION=@@COLLATION_CONNECTION */;
/*!40101 SET NAMES utf8 */;
/*!40103 SET @OLD_TIME_ZONE=@@TIME_ZONE */;
/*!40103 SET TIME_ZONE='+00:00' */;
/*!40014 SET @OLD_UNIQUE_CHECKS=@@UNIQUE_CHECKS, UNIQUE_CHECKS=0 */;
/*!40014 SET @OLD_FOREIGN_KEY_CHECKS=@@FOREIGN_KEY_CHECKS, FOREIGN_KEY_CHECKS=0 */;
/*!40101 SET @OLD_SQL_MODE=@@SQL_MODE, SQL_MODE='NO_AUTO_VALUE_ON_ZERO' */;
/*!40111 SET @OLD_SQL_NOTES=@@SQL_NOTES, SQL_NOTES=0 */;

--
-- Table structure for table `cli_clientes`
--

DROP TABLE IF EXISTS `cli_clientes`;
/*!40101 SET @saved_cs_client     = @@character_set_client */;
/*!40101 SET character_set_client = utf8 */;
CREATE TABLE `cli_clientes` (
  `ID` int(11) NOT NULL AUTO_INCREMENT,
  `CLIENTE_RUC` varchar(20) DEFAULT NULL,
  `CLIENTE_NOMBRE` varchar(500) DEFAULT NULL,
  `CLIENTE_RAZON_SOCIAL` varchar(500) DEFAULT NULL,
  `CLIENTE_PROVINCIA_ID` varchar(10) DEFAULT NULL,
  `CLIENTE_PROVINCIA_NOMBRE` varchar(50) DEFAULT NULL,
  `CLIENTE_CIUDAD` varchar(50) DEFAULT NULL,
  `CLIENTE_DIRECCION` varchar(200) DEFAULT NULL,
  `CLIENTE_DIRECCION_DESPACHO` varchar(500) DEFAULT NULL,
  `CLIENTE_EMAIL` varchar(100) DEFAULT NULL,
  `CLIENTE_TELEFONO` varchar(20) DEFAULT NULL,
  `estado` int(11) DEFAULT 1,
  `creado_por` varchar(20) DEFAULT NULL,
  `fecha_creado` datetime NOT NULL DEFAULT current_timestamp(),
  PRIMARY KEY (`ID`)
) ENGINE=InnoDB AUTO_INCREMENT=20 DEFAULT CHARSET=utf8mb4;
/*!40101 SET character_set_client = @saved_cs_client */;

--
-- Dumping data for table `cli_clientes`
--

LOCK TABLES `cli_clientes` WRITE;
/*!40000 ALTER TABLE `cli_clientes` DISABLE KEYS */;
INSERT INTO `cli_clientes` VALUES (15,'0931531115','CLIENTE 1','JORGE ALVARADO','04','Carchi','Bolívar','aw','wad','awd','awd',1,'JALVARADO','2023-10-16 17:18:59'),(16,'093153111','CLIENTE 2','ADS','01','Azuay','Gualaceo','asd','asd','asd','asd',1,'JALVARADO','2023-10-16 17:30:29'),(17,'0931531116','CLIENTE 3','AWADDW','16','Napo','Tena','awd','awd','awd','awd',1,'JALVARADO','2023-10-16 17:54:38'),(19,'0931531118','CLIENTE 4','ADDDDDDDDDDD','04','Carchi','Espejo','awdddddddd','awdddddddddddddddddddddddddddddd','awd@mail','09123123',1,'JALVARADO','2023-10-16 18:00:30');
/*!40000 ALTER TABLE `cli_clientes` ENABLE KEYS */;
UNLOCK TABLES;

--
-- Table structure for table `clientes`
--

DROP TABLE IF EXISTS `clientes`;
/*!40101 SET @saved_cs_client     = @@character_set_client */;
/*!40101 SET character_set_client = utf8 */;
CREATE TABLE `clientes` (
  `ID` int(11) NOT NULL AUTO_INCREMENT,
  `CLIENTE_RUC` varchar(20) DEFAULT NULL,
  `CLIENTE_NOMBRE` varchar(500) DEFAULT NULL,
  `CLIENTE_RAZON_SOCIAL` varchar(500) DEFAULT NULL,
  `CLIENTE_PROVINCIA_ID` varchar(10) DEFAULT NULL,
  `CLIENTE_PROVINCIA_NOMBRE` varchar(50) DEFAULT NULL,
  `CLIENTE_CIUDAD` varchar(50) DEFAULT NULL,
  `CLIENTE_DIRECCION` varchar(200) DEFAULT NULL,
  `CLIENTE_EMAIL` varchar(100) DEFAULT NULL,
  `CLIENTE_TELEFONO` varchar(20) DEFAULT NULL,
  `estado` int(11) DEFAULT 1,
  `creado_por` varchar(20) DEFAULT NULL,
  `fecha_creado` datetime NOT NULL DEFAULT current_timestamp(),
  PRIMARY KEY (`ID`)
) ENGINE=InnoDB AUTO_INCREMENT=7 DEFAULT CHARSET=utf8mb4;
/*!40101 SET character_set_client = @saved_cs_client */;

--
-- Dumping data for table `clientes`
--

LOCK TABLES `clientes` WRITE;
/*!40000 ALTER TABLE `clientes` DISABLE KEYS */;
INSERT INTO `clientes` VALUES (4,'0931531115','CLIENTE 1','asdasd','17','Orellana','Orellana','asdasd','asdasd','asdasd',1,NULL,'2023-09-24 19:47:30'),(5,'0931531116','CLINETE 2','asdasd','15','Morona Santiago','','','','',1,NULL,'2023-09-24 19:58:04'),(6,'0931531117','qwe','qwe','01','Azuay','Cuenca','qwe','qwe','qwe',1,NULL,'2023-10-16 16:34:47');
/*!40000 ALTER TABLE `clientes` ENABLE KEYS */;
UNLOCK TABLES;

--
-- Table structure for table `gui_destinos`
--

DROP TABLE IF EXISTS `gui_destinos`;
/*!40101 SET @saved_cs_client     = @@character_set_client */;
/*!40101 SET character_set_client = utf8 */;
CREATE TABLE `gui_destinos` (
  `ID` int(11) NOT NULL AUTO_INCREMENT,
  `nombre` varchar(100) DEFAULT NULL,
  `CREADO_POR` int(11) DEFAULT NULL,
  `ESTADO` bit(1) DEFAULT b'1',
  PRIMARY KEY (`ID`)
) ENGINE=InnoDB AUTO_INCREMENT=4 DEFAULT CHARSET=utf8mb4;
/*!40101 SET character_set_client = @saved_cs_client */;

--
-- Dumping data for table `gui_destinos`
--

LOCK TABLES `gui_destinos` WRITE;
/*!40000 ALTER TABLE `gui_destinos` DISABLE KEYS */;
INSERT INTO `gui_destinos` VALUES (1,'MATRIZ',NULL,''),(2,'SUCURSAL',NULL,''),(3,'OBRA',NULL,'');
/*!40000 ALTER TABLE `gui_destinos` ENABLE KEYS */;
UNLOCK TABLES;

--
-- Table structure for table `gui_guias_despachadas`
--

DROP TABLE IF EXISTS `gui_guias_despachadas`;
/*!40101 SET @saved_cs_client     = @@character_set_client */;
/*!40101 SET character_set_client = utf8 */;
CREATE TABLE `gui_guias_despachadas` (
  `ID` int(11) NOT NULL AUTO_INCREMENT,
  `PEDIDO_INTERNO` varchar(20) DEFAULT NULL,
  `CLIENTE_ENTREGA_ID` int(11) DEFAULT NULL,
  `SERVICIO_ID` int(11) DEFAULT NULL,
  `DESTINO_ID` int(11) DEFAULT NULL,
  `FECHA_CREADO` datetime NOT NULL DEFAULT current_timestamp(),
  `CREADO_POR` int(11) DEFAULT NULL,
  `PARCIAL` int(11) DEFAULT NULL,
  `PLACA_CAMBIADA` int(11) DEFAULT NULL,
  `PLACA_CAMBIADA_NUMERO` varchar(20) DEFAULT NULL,
  `despacho_ID` varchar(20) DEFAULT NULL,
  `UBICACION` varchar(1000) DEFAULT NULL,
  `imagen` varchar(100) DEFAULT NULL,
  PRIMARY KEY (`ID`)
) ENGINE=InnoDB AUTO_INCREMENT=175 DEFAULT CHARSET=utf8mb4;
/*!40101 SET character_set_client = @saved_cs_client */;

--
-- Dumping data for table `gui_guias_despachadas`
--

LOCK TABLES `gui_guias_despachadas` WRITE;
/*!40000 ALTER TABLE `gui_guias_despachadas` DISABLE KEYS */;
INSERT INTO `gui_guias_despachadas` VALUES (165,'505637207',15,1,3,'2023-10-31 13:14:13',8,0,0,'','20231031191413','-2.1743851,-79.8903773',''),(166,'505637208',16,2,1,'2023-10-31 13:16:20',8,1,0,'','20231031191620','-2.1743851,-79.8903773','505637208_20231031191620.jpg'),(167,'505637205',19,1,3,'2023-10-31 13:19:17',7,0,0,'','20231031191917','-2.1743851,-79.8903773','505637205_20231031191917.jpg'),(168,'505637206',17,1,2,'2023-10-31 13:20:15',7,1,1,'GSM-4455','20231031192015','-2.1743619,-79.8903725','505637206_20231031192015.jpg'),(169,'505637206',16,1,3,'2023-10-31 13:20:52',7,0,0,'','20231031192052','-2.1743619,-79.8903725','505637206_20231031192052.jpg'),(170,'505637208',17,1,3,'2023-10-31 13:48:44',8,0,0,'','20231031194844','-2.1743855,-79.8903674','505637208_20231031194844.jpg'),(171,'505639040',17,2,2,'2023-10-31 13:50:50',12,1,0,'','20231031195050','-2.1743668,-79.890377',''),(172,'505639040',19,2,3,'2023-10-31 13:51:07',12,0,0,'','20231031195107','-2.1743668,-79.890377','505639040_20231031195107.jpg'),(173,'505639288',15,1,1,'2023-10-31 13:54:41',13,1,0,'','20231031195441','-2.1743668,-79.890377','505639288_20231031195441.jpg'),(174,'505639288',16,1,1,'2023-10-31 13:55:01',13,0,0,'','20231031195501','-2.1743668,-79.890377','505639288_20231031195501.jpg');
/*!40000 ALTER TABLE `gui_guias_despachadas` ENABLE KEYS */;
UNLOCK TABLES;

--
-- Table structure for table `gui_guias_despachadas_dt`
--

DROP TABLE IF EXISTS `gui_guias_despachadas_dt`;
/*!40101 SET @saved_cs_client     = @@character_set_client */;
/*!40101 SET character_set_client = utf8 */;
CREATE TABLE `gui_guias_despachadas_dt` (
  `ID` int(11) NOT NULL AUTO_INCREMENT,
  `PEDIDO_INTERNO` varchar(20) DEFAULT NULL,
  `CODIGO` varchar(50) DEFAULT NULL,
  `PARCIAL` int(11) DEFAULT NULL,
  `CANTIDAD_PARCIAL` float DEFAULT NULL,
  `despacho_ID` varchar(20) DEFAULT NULL,
  `CANTIDAD_TOTAL` float DEFAULT NULL,
  `NO_ENTREGADA_DESTINO` int(11) DEFAULT NULL,
  PRIMARY KEY (`ID`)
) ENGINE=InnoDB AUTO_INCREMENT=320 DEFAULT CHARSET=utf8mb4;
/*!40101 SET character_set_client = @saved_cs_client */;

--
-- Dumping data for table `gui_guias_despachadas_dt`
--

LOCK TABLES `gui_guias_despachadas_dt` WRITE;
/*!40000 ALTER TABLE `gui_guias_despachadas_dt` DISABLE KEYS */;
INSERT INTO `gui_guias_despachadas_dt` VALUES (310,'505637207','10016416',0,0,'20231031191413',400,0),(311,'505637208','10016416',1,200,'20231031191620',0,0),(312,'505637205','10016416',0,0,'20231031191917',400,0),(313,'505637206','10016416',1,50,'20231031192015',0,0),(314,'505637206','10016416',0,0,'20231031192052',350,0),(315,'505637208','10016416',0,0,'20231031194844',200,0),(316,'505639040','10016416',1,50,'20231031195050',0,0),(317,'505639040','10016416',0,0,'20231031195107',110,0),(318,'505639288','10016416',1,200,'20231031195441',0,0),(319,'505639288','10016416',0,0,'20231031195501',40,0);
/*!40000 ALTER TABLE `gui_guias_despachadas_dt` ENABLE KEYS */;
UNLOCK TABLES;

--
-- Table structure for table `gui_guias_despachadas_estado`
--

DROP TABLE IF EXISTS `gui_guias_despachadas_estado`;
/*!40101 SET @saved_cs_client     = @@character_set_client */;
/*!40101 SET character_set_client = utf8 */;
CREATE TABLE `gui_guias_despachadas_estado` (
  `ID` int(11) NOT NULL AUTO_INCREMENT,
  `PEDIDO_INTERNO` varchar(20) DEFAULT NULL,
  `ESTADO_DESPACHO` int(11) DEFAULT NULL,
  `ESTADO_DESPACHO_TEXTO` varchar(20) DEFAULT NULL,
  `FECHA_CREADO` datetime NOT NULL DEFAULT current_timestamp(),
  `CREADO_POR` int(11) DEFAULT NULL,
  `FECHA_COMPLETADO` datetime DEFAULT NULL,
  PRIMARY KEY (`ID`)
) ENGINE=InnoDB AUTO_INCREMENT=96 DEFAULT CHARSET=utf8mb4;
/*!40101 SET character_set_client = @saved_cs_client */;

--
-- Dumping data for table `gui_guias_despachadas_estado`
--

LOCK TABLES `gui_guias_despachadas_estado` WRITE;
/*!40000 ALTER TABLE `gui_guias_despachadas_estado` DISABLE KEYS */;
INSERT INTO `gui_guias_despachadas_estado` VALUES (90,'505637207',0,'COMPLETO','2023-10-31 13:14:13',8,'2023-10-31 01:10:13'),(91,'505637208',0,'COMPLETO','2023-10-31 13:16:20',8,'2023-10-31 13:48:44'),(92,'505637205',0,'COMPLETO','2023-10-31 13:19:17',7,'2023-10-31 01:10:17'),(93,'505637206',0,'COMPLETO','2023-10-31 13:20:15',7,'2023-10-31 13:20:52'),(94,'505639040',0,'COMPLETO','2023-10-31 13:50:50',12,'2023-10-31 13:51:07'),(95,'505639288',0,'COMPLETO','2023-10-31 13:54:41',13,'2023-10-31 13:55:01');
/*!40000 ALTER TABLE `gui_guias_despachadas_estado` ENABLE KEYS */;
UNLOCK TABLES;

--
-- Table structure for table `gui_guias_facturas`
--

DROP TABLE IF EXISTS `gui_guias_facturas`;
/*!40101 SET @saved_cs_client     = @@character_set_client */;
/*!40101 SET character_set_client = utf8 */;
CREATE TABLE `gui_guias_facturas` (
  `ID` int(11) NOT NULL AUTO_INCREMENT,
  `pedido_interno` varchar(20) DEFAULT NULL,
  `factura_fecha` datetime DEFAULT NULL,
  `factura_secuencia` varchar(20) DEFAULT NULL,
  `factura_nombre` varchar(50) DEFAULT NULL,
  `factura_subtotal_0` float DEFAULT NULL,
  `factura_subtotal_12` float DEFAULT NULL,
  `factura_impuesto` float DEFAULT NULL,
  `factura_total` float DEFAULT NULL,
  `factura_nota` varchar(1000) DEFAULT NULL,
  `fatura_estado` int(11) DEFAULT 1,
  `FECHA_CREADO` datetime NOT NULL DEFAULT current_timestamp(),
  `CREADO_POR` varchar(20) DEFAULT NULL,
  PRIMARY KEY (`ID`)
) ENGINE=InnoDB AUTO_INCREMENT=13 DEFAULT CHARSET=utf8mb4;
/*!40101 SET character_set_client = @saved_cs_client */;

--
-- Dumping data for table `gui_guias_facturas`
--

LOCK TABLES `gui_guias_facturas` WRITE;
/*!40000 ALTER TABLE `gui_guias_facturas` DISABLE KEYS */;
INSERT INTO `gui_guias_facturas` VALUES (12,'505637206','2023-10-31 00:00:00','002-003-000015689','PROVEEDOR 1',0,500,60,560,'',1,'2023-10-31 13:57:25','JALVARADO');
/*!40000 ALTER TABLE `gui_guias_facturas` ENABLE KEYS */;
UNLOCK TABLES;

--
-- Table structure for table `gui_guias_placa`
--

DROP TABLE IF EXISTS `gui_guias_placa`;
/*!40101 SET @saved_cs_client     = @@character_set_client */;
/*!40101 SET character_set_client = utf8 */;
CREATE TABLE `gui_guias_placa` (
  `ID` int(11) NOT NULL AUTO_INCREMENT,
  `pedido_interno` varchar(20) DEFAULT NULL,
  `placa` varchar(20) DEFAULT NULL,
  `FECHA_CREADO` datetime NOT NULL DEFAULT current_timestamp(),
  PRIMARY KEY (`ID`)
) ENGINE=InnoDB AUTO_INCREMENT=89 DEFAULT CHARSET=utf8mb4;
/*!40101 SET character_set_client = @saved_cs_client */;

--
-- Dumping data for table `gui_guias_placa`
--

LOCK TABLES `gui_guias_placa` WRITE;
/*!40000 ALTER TABLE `gui_guias_placa` DISABLE KEYS */;
INSERT INTO `gui_guias_placa` VALUES (37,'505615948','GBO-4396','2023-10-26 20:23:57'),(38,'505610388','GBO-7782','2023-10-26 20:23:57'),(39,'505615953','GBO-4396','2023-10-26 20:23:57'),(40,'505616071','GBO-7782','2023-10-26 20:23:57'),(41,'505615952','GBO-4396','2023-10-26 20:23:57'),(42,'505610387','GBO-7782','2023-10-26 20:23:57'),(43,'505610823','GBO-7782','2023-10-26 20:23:57'),(44,'505605662','GBO-4396','2023-10-26 20:23:57'),(45,'505610384','GBO-7782','2023-10-26 20:23:57'),(46,'505605661','GBO-4396','2023-10-26 20:23:57'),(47,'505610385','GBO-7782','2023-10-26 20:23:57'),(48,'505610822','GBO-7782','2023-10-26 20:23:57'),(49,'505605660','GBO-4396','2023-10-26 20:23:57'),(50,'505596195-120','GBO-7782','2023-10-26 20:23:57'),(51,'505605664','GBO-7782','2023-10-26 20:23:57'),(52,'505596195-110','GBO-7782','2023-10-26 20:23:57'),(53,'505585858','GBO-4396','2023-10-26 20:23:57'),(54,'505605663','GBO-7782','2023-10-26 20:23:57'),(55,'505562596','GBO-7782','2023-10-26 20:40:05'),(56,'505545279','GBO-7782','2023-10-27 08:53:18'),(57,'505615955','GBO-7782','2023-10-29 10:24:41'),(58,'505628697','GBO-4396','2023-10-29 10:24:41'),(59,'505616262','GBO-7782','2023-10-29 10:24:41'),(60,'505615950','GBO-4396','2023-10-29 10:24:41'),(61,'505616070','GBO-7758','2023-10-29 10:24:41'),(62,'505616069','GBO-7758','2023-10-29 10:24:41'),(63,'505615949','GBO-4396','2023-10-29 10:24:41'),(64,'505616263','GBO-7782','2023-10-29 10:24:41'),(65,'505616264','GBO-7782','2023-10-29 10:24:41'),(66,'505616068','GBO-7758','2023-10-29 10:24:41'),(67,'505628699','GBO-7782','2023-10-30 14:17:24'),(68,'505628693','GBO-4396','2023-10-30 14:17:24'),(69,'505629514','GBO-7758','2023-10-30 14:17:24'),(70,'505616072','GBO-7758','2023-10-30 14:17:24'),(71,'505628698','GBO-7782','2023-10-30 14:17:24'),(72,'505631234','KAB-0938','2023-10-30 14:17:24'),(73,'505631233','JBA-2916','2023-10-30 14:17:24'),(74,'505641166-050','GBO-7782','2023-10-31 09:49:05'),(75,'505638220','GSY-4052','2023-10-31 09:49:05'),(76,'505639349','GBO-7758','2023-10-31 09:49:05'),(77,'505639040','GSY-4052','2023-10-31 09:49:05'),(78,'505637206','GBO-4396','2023-10-31 09:49:05'),(79,'505637208','GBO-7782','2023-10-31 09:49:05'),(80,'505629516','GBO-7758','2023-10-31 09:49:05'),(81,'505637207','GBO-7782','2023-10-31 09:49:05'),(82,'505628695','GBO-4396','2023-10-31 09:49:05'),(83,'505615954','GBO-7782','2023-10-31 09:49:05'),(84,'505629515','GBO-7758','2023-10-31 09:49:05'),(85,'505628694','GBO-4396','2023-10-31 09:49:05'),(86,'505641166-020','GBO-7758','2023-10-31 12:05:01'),(87,'505637205','GBO-4396','2023-10-31 12:05:01'),(88,'505639288','GBN-6978','2023-10-31 12:05:01');
/*!40000 ALTER TABLE `gui_guias_placa` ENABLE KEYS */;
UNLOCK TABLES;

--
-- Table structure for table `gui_servicios`
--

DROP TABLE IF EXISTS `gui_servicios`;
/*!40101 SET @saved_cs_client     = @@character_set_client */;
/*!40101 SET character_set_client = utf8 */;
CREATE TABLE `gui_servicios` (
  `ID` int(11) NOT NULL AUTO_INCREMENT,
  `nombre` varchar(50) DEFAULT NULL,
  `descripcion` varchar(500) DEFAULT NULL,
  `fecha_creado` datetime NOT NULL DEFAULT current_timestamp(),
  `estado` bit(1) DEFAULT b'1',
  PRIMARY KEY (`ID`)
) ENGINE=InnoDB AUTO_INCREMENT=3 DEFAULT CHARSET=utf8mb4;
/*!40101 SET character_set_client = @saved_cs_client */;

--
-- Dumping data for table `gui_servicios`
--

LOCK TABLES `gui_servicios` WRITE;
/*!40000 ALTER TABLE `gui_servicios` DISABLE KEYS */;
INSERT INTO `gui_servicios` VALUES (1,'CARGA',NULL,'2023-10-01 21:24:27',''),(2,'FLETE',NULL,'2023-10-01 21:24:33','');
/*!40000 ALTER TABLE `gui_servicios` ENABLE KEYS */;
UNLOCK TABLES;

--
-- Table structure for table `guias`
--

DROP TABLE IF EXISTS `guias`;
/*!40101 SET @saved_cs_client     = @@character_set_client */;
/*!40101 SET character_set_client = utf8 */;
CREATE TABLE `guias` (
  `ID` int(11) NOT NULL AUTO_INCREMENT,
  `FECHA_DE_EMISION` varchar(20) DEFAULT NULL,
  `FACTURA` varchar(50) DEFAULT NULL,
  `TELEFONO` varchar(50) DEFAULT NULL,
  `FECHA_VALIDEZ` varchar(20) DEFAULT NULL,
  `CLIENTE` varchar(20) DEFAULT NULL,
  `CLIENTE_RUC` varchar(20) DEFAULT NULL,
  `SOLICITANTE` varchar(100) DEFAULT NULL,
  `DIRECCION_1` varchar(20) DEFAULT NULL,
  `PTO_DE_PARTIDA` varchar(200) DEFAULT NULL,
  `PTO_DE_LLEGADA` varchar(200) DEFAULT NULL,
  `DIRECCION_2` varchar(200) DEFAULT NULL,
  `TIPO_DE_ENTREGA` varchar(200) DEFAULT NULL,
  `PEDIDO_INTERNO` varchar(50) DEFAULT NULL,
  `PED_COMPRA` varchar(100) DEFAULT NULL,
  PRIMARY KEY (`ID`)
) ENGINE=InnoDB AUTO_INCREMENT=644 DEFAULT CHARSET=utf8mb4;
/*!40101 SET character_set_client = @saved_cs_client */;

--
-- Dumping data for table `guias`
--

LOCK TABLES `guias` WRITE;
/*!40000 ALTER TABLE `guias` DISABLE KEYS */;
INSERT INTO `guias` VALUES (568,'31.10.2023','019-005-001166258','4-2465649','20.11.2023','6133582 - SALVACERO ','0992681845001','SALVACERO CIA. LTDA.','VENEZUELA #3804 ENTR','SUMINISTRADOR INTACO','GUAYAS - GUAYAQUIL','VENEZUELA #3804 ENTRE LA 12 Y  CALLE','ENTREGADO','505641987','4583111451'),(569,'30.10.2023','019-005-001166015','4-2465649','19.11.2023','6133582 - SALVACERO ','0992681845001','SALVACERO CIA. LTDA.','VENEZUELA #3804 ENTR','EC CEM GUAYAQUIL','GUAYAS - GUAYAQUIL','VENEZUELA #3804 ENTRE LA 12 Y  CALLE','RETIRADO','505639349','4583111272'),(570,'30.10.2023','019-005-001166010','4-2465649','19.11.2023','6133582 - SALVACERO ','0992681845001','SALVACERO CIA. LTDA.','VENEZUELA #3804 ENTR','EC CEM GUAYAQUIL','GUAYAS - GUAYAQUIL','VENEZUELA #3804 ENTRE LA 12 Y  CALLE','RETIRADO','505639288','4583111266'),(571,'30.10.2023','019-005-001166007','4-2465649','19.11.2023','6133582 - SALVACERO ','0992681845001','SALVACERO CIA. LTDA.','VENEZUELA #3804 ENTR','EC CEM GUAYAQUIL','GUAYAS - GUAYAQUIL','VENEZUELA #3804 ENTRE LA 12 Y  CALLE','RETIRADO','505639040','4583111265'),(572,'30.10.2023','019-005-001165769','4-2465649','19.11.2023','6133582 - SALVACERO ','0992681845001','SALVACERO CIA. LTDA.','VENEZUELA #3804 ENTR','EC CEM GUAYAQUIL','GUAYAS - GUAYAQUIL','VENEZUELA #3804 ENTRE LA 12 Y  CALLE','RETIRADO','505637208','4583110991'),(573,'30.10.2023','019-005-001166012','4-2465649','19.11.2023','6133582 - SALVACERO ','0992681845001','SALVACERO CIA. LTDA.','VENEZUELA #3804 ENTR','EC CEM GUAYAQUIL','GUAYAS - GUAYAQUIL','VENEZUELA #3804 ENTRE LA 12 Y  CALLE','RETIRADO','505637207','4583111268'),(574,'30.10.2023','019-005-001165773','4-2465649','19.11.2023','6133582 - SALVACERO ','0992681845001','SALVACERO CIA. LTDA.','VENEZUELA #3804 ENTR','EC CEM GUAYAQUIL','GUAYAS - GUAYAQUIL','VENEZUELA #3804 ENTRE LA 12 Y  CALLE','RETIRADO','505637206','4583110996'),(575,'30.10.2023','019-005-001166014','4-2465649','19.11.2023','6133582 - SALVACERO ','0992681845001','SALVACERO CIA. LTDA.','VENEZUELA #3804 ENTR','EC CEM GUAYAQUIL','GUAYAS - GUAYAQUIL','VENEZUELA #3804 ENTRE LA 12 Y  CALLE','RETIRADO','505637205','4583111270'),(576,'30.10.2023','019-005-001165768','4-2465649','19.11.2023','6133582 - SALVACERO ','0992681845001','SALVACERO CIA. LTDA.','VENEZUELA #3804 ENTR','SUMINISTRADOR INTACO','GUAYAS - GUAYAQUIL','VENEZUELA #3804 ENTRE LA 12 Y  CALLE','RETIRADO','505637167','4583110990'),(577,'27.10.2023','019-005-001165456','4-2465649','16.11.2023','6133582 - SALVACERO ','0992681845001','SALVACERO CIA. LTDA.','VENEZUELA #3804 ENTR','EC CEM GUAYAQUIL','GUAYAS - GUAYAQUIL','VENEZUELA #3804 ENTRE LA 12 Y  CALLE','RETIRADO','505631234','4583110591'),(578,'27.10.2023','019-005-001165455','4-2465649','16.11.2023','6133582 - SALVACERO ','0992681845001','SALVACERO CIA. LTDA.','VENEZUELA #3804 ENTR','EC CEM GUAYAQUIL','GUAYAS - GUAYAQUIL','VENEZUELA #3804 ENTRE LA 12 Y  CALLE','RETIRADO','505631233','4583110590'),(579,'27.10.2023','019-005-001165395','4-2465649','16.11.2023','6133582 - SALVACERO ','0992681845001','SALVACERO CIA. LTDA.','VENEZUELA #3804 ENTR','EC CEM GUAYAQUIL','GUAYAS - GUAYAQUIL','VENEZUELA #3804 ENTRE LA 12 Y  CALLE','RETIRADO','505629516','4583110514'),(580,'27.10.2023','019-005-001165392','4-2465649','16.11.2023','6133582 - SALVACERO ','0992681845001','SALVACERO CIA. LTDA.','VENEZUELA #3804 ENTR','EC CEM GUAYAQUIL','GUAYAS - GUAYAQUIL','VENEZUELA #3804 ENTRE LA 12 Y  CALLE','RETIRADO','505629515','4583110511'),(581,'27.10.2023','019-005-001165378','4-2465649','16.11.2023','6133582 - SALVACERO ','0992681845001','SALVACERO CIA. LTDA.','VENEZUELA #3804 ENTR','EC CEM GUAYAQUIL','GUAYAS - GUAYAQUIL','VENEZUELA #3804 ENTRE LA 12 Y  CALLE','RETIRADO','505629514','4583110488'),(582,'27.10.2023','019-005-001165372','4-2465649','16.11.2023','6133582 - SALVACERO ','0992681845001','SALVACERO CIA. LTDA.','VENEZUELA #3804 ENTR','EC CEM GUAYAQUIL','GUAYAS - GUAYAQUIL','VENEZUELA #3804 ENTRE LA 12 Y  CALLE','RETIRADO','505628699','4583110481'),(583,'27.10.2023','019-005-001165367','4-2465649','16.11.2023','6133582 - SALVACERO ','0992681845001','SALVACERO CIA. LTDA.','VENEZUELA #3804 ENTR','EC CEM GUAYAQUIL','GUAYAS - GUAYAQUIL','VENEZUELA #3804 ENTRE LA 12 Y  CALLE','RETIRADO','505628698','4583110476'),(584,'27.10.2023','019-005-001165361','4-2465649','16.11.2023','6133582 - SALVACERO ','0992681845001','SALVACERO CIA. LTDA.','VENEZUELA #3804 ENTR','EC CEM GUAYAQUIL','GUAYAS - GUAYAQUIL','VENEZUELA #3804 ENTRE LA 12 Y  CALLE','RETIRADO','505628697','4583110470'),(585,'27.10.2023','019-005-001165359','4-2465649','16.11.2023','6133582 - SALVACERO ','0992681845001','SALVACERO CIA. LTDA.','VENEZUELA #3804 ENTR','EC CEM GUAYAQUIL','GUAYAS - GUAYAQUIL','VENEZUELA #3804 ENTRE LA 12 Y  CALLE','RETIRADO','505628695','4583110468'),(586,'27.10.2023','019-005-001165355','4-2465649','16.11.2023','6133582 - SALVACERO ','0992681845001','SALVACERO CIA. LTDA.','VENEZUELA #3804 ENTR','EC CEM GUAYAQUIL','GUAYAS - GUAYAQUIL','VENEZUELA #3804 ENTRE LA 12 Y  CALLE','RETIRADO','505628694','4583110464'),(587,'27.10.2023','019-005-001165349','4-2465649','16.11.2023','6133582 - SALVACERO ','0992681845001','SALVACERO CIA. LTDA.','VENEZUELA #3804 ENTR','EC CEM GUAYAQUIL','GUAYAS - GUAYAQUIL','VENEZUELA #3804 ENTRE LA 12 Y  CALLE','RETIRADO','505628693','4583110458'),(588,'26.10.2023','019-005-001164832','4-2465649','15.11.2023','6133582 - SALVACERO ','0992681845001','SALVACERO CIA. LTDA.','VENEZUELA #3804 ENTR','SUMINISTRADOR ANDEC','GUAYAS - GUAYAQUIL','VENEZUELA #3804 ENTRE LA 12 Y  CALLE','ENTREGADO','505621037','4583109857'),(589,'25.10.2023','019-005-001164475','4-2465649','14.11.2023','6133582 - SALVACERO ','0992681845001','SALVACERO CIA. LTDA.','VENEZUELA #3804 ENTR','EC CEM GUAYAQUIL','GUAYAS - GUAYAQUIL','VENEZUELA #3804 ENTRE LA 12 Y  CALLE','RETIRADO','505616264','4583109430'),(590,'25.10.2023','019-005-001164471','4-2465649','14.11.2023','6133582 - SALVACERO ','0992681845001','SALVACERO CIA. LTDA.','VENEZUELA #3804 ENTR','EC CEM GUAYAQUIL','GUAYAS - GUAYAQUIL','VENEZUELA #3804 ENTRE LA 12 Y  CALLE','RETIRADO','505616263','4583109426'),(591,'25.10.2023','019-005-001164465','4-2465649','14.11.2023','6133582 - SALVACERO ','0992681845001','SALVACERO CIA. LTDA.','VENEZUELA #3804 ENTR','EC CEM GUAYAQUIL','GUAYAS - GUAYAQUIL','VENEZUELA #3804 ENTRE LA 12 Y  CALLE','RETIRADO','505616262','4583109420'),(592,'25.10.2023','019-005-001164481','4-2465649','14.11.2023','6133582 - SALVACERO ','0992681845001','SALVACERO CIA. LTDA.','VENEZUELA #3804 ENTR','EC CEM GUAYAQUIL','GUAYAS - GUAYAQUIL','VENEZUELA #3804 ENTRE LA 12 Y  CALLE','RETIRADO','505616072','4583109439'),(593,'25.10.2023','019-005-001164466','4-2465649','14.11.2023','6133582 - SALVACERO ','0992681845001','SALVACERO CIA. LTDA.','VENEZUELA #3804 ENTR','EC CEM GUAYAQUIL','GUAYAS - GUAYAQUIL','VENEZUELA #3804 ENTRE LA 12 Y  CALLE','RETIRADO','505616071','4583109421'),(594,'25.10.2023','019-005-001164453','4-2465649','14.11.2023','6133582 - SALVACERO ','0992681845001','SALVACERO CIA. LTDA.','VENEZUELA #3804 ENTR','EC CEM GUAYAQUIL','GUAYAS - GUAYAQUIL','VENEZUELA #3804 ENTRE LA 12 Y  CALLE','RETIRADO','505616070','4583109408'),(595,'25.10.2023','019-005-001164447','4-2465649','14.11.2023','6133582 - SALVACERO ','0992681845001','SALVACERO CIA. LTDA.','VENEZUELA #3804 ENTR','EC CEM GUAYAQUIL','GUAYAS - GUAYAQUIL','VENEZUELA #3804 ENTRE LA 12 Y  CALLE','RETIRADO','505616069','4583109401'),(596,'25.10.2023','019-005-001164438','4-2465649','14.11.2023','6133582 - SALVACERO ','0992681845001','SALVACERO CIA. LTDA.','VENEZUELA #3804 ENTR','EC CEM GUAYAQUIL','GUAYAS - GUAYAQUIL','VENEZUELA #3804 ENTRE LA 12 Y  CALLE','RETIRADO','505616068','4583109391'),(597,'25.10.2023','019-005-001164474','4-2465649','14.11.2023','6133582 - SALVACERO ','0992681845001','SALVACERO CIA. LTDA.','VENEZUELA #3804 ENTR','EC CEM GUAYAQUIL','GUAYAS - GUAYAQUIL','VENEZUELA #3804 ENTRE LA 12 Y  CALLE','RETIRADO','505615955','4583109429'),(598,'25.10.2023','019-005-001164452','4-2465649','14.11.2023','6133582 - SALVACERO ','0992681845001','SALVACERO CIA. LTDA.','VENEZUELA #3804 ENTR','EC CEM GUAYAQUIL','GUAYAS - GUAYAQUIL','VENEZUELA #3804 ENTRE LA 12 Y  CALLE','RETIRADO','505615954','4583109407'),(599,'25.10.2023','019-005-001164450','4-2465649','14.11.2023','6133582 - SALVACERO ','0992681845001','SALVACERO CIA. LTDA.','VENEZUELA #3804 ENTR','EC CEM GUAYAQUIL','GUAYAS - GUAYAQUIL','VENEZUELA #3804 ENTRE LA 12 Y  CALLE','RETIRADO','505615953','4583109405'),(600,'25.10.2023','019-005-001164431','4-2465649','14.11.2023','6133582 - SALVACERO ','0992681845001','SALVACERO CIA. LTDA.','VENEZUELA #3804 ENTR','EC CEM GUAYAQUIL','GUAYAS - GUAYAQUIL','VENEZUELA #3804 ENTRE LA 12 Y  CALLE','RETIRADO','505615952','4583109384'),(601,'25.10.2023','019-005-001164426','4-2465649','14.11.2023','6133582 - SALVACERO ','0992681845001','SALVACERO CIA. LTDA.','VENEZUELA #3804 ENTR','EC CEM GUAYAQUIL','GUAYAS - GUAYAQUIL','VENEZUELA #3804 ENTRE LA 12 Y  CALLE','RETIRADO','505615950','4583109380'),(602,'25.10.2023','019-005-001164419','4-2465649','14.11.2023','6133582 - SALVACERO ','0992681845001','SALVACERO CIA. LTDA.','VENEZUELA #3804 ENTR','EC CEM GUAYAQUIL','GUAYAS - GUAYAQUIL','VENEZUELA #3804 ENTRE LA 12 Y  CALLE','RETIRADO','505615949','4583109373'),(603,'25.10.2023','019-005-001164417','4-2465649','14.11.2023','6133582 - SALVACERO ','0992681845001','SALVACERO CIA. LTDA.','VENEZUELA #3804 ENTR','EC CEM GUAYAQUIL','GUAYAS - GUAYAQUIL','VENEZUELA #3804 ENTRE LA 12 Y  CALLE','RETIRADO','505615948','4583109368'),(604,'24.10.2023','019-005-001164154','4-2465649','13.11.2023','6133582 - SALVACERO ','0992681845001','SALVACERO CIA. LTDA.','VENEZUELA #3804 ENTR','EC CEM GUAYAQUIL','GUAYAS - GUAYAQUIL','VENEZUELA #3804 ENTRE LA 12 Y  CALLE','RETIRADO','505610823','4583109033'),(605,'24.10.2023','019-005-001164156','4-2465649','13.11.2023','6133582 - SALVACERO ','0992681845001','SALVACERO CIA. LTDA.','VENEZUELA #3804 ENTR','EC CEM GUAYAQUIL','GUAYAS - GUAYAQUIL','VENEZUELA #3804 ENTRE LA 12 Y  CALLE','RETIRADO','505610822','4583109035'),(606,'24.10.2023','019-005-001164019','4-2465649','13.11.2023','6133582 - SALVACERO ','0992681845001','SALVACERO CIA. LTDA.','VENEZUELA #3804 ENTR','EC CEM GUAYAQUIL','GUAYAS - GUAYAQUIL','VENEZUELA #3804 ENTRE LA 12 Y  CALLE','RETIRADO','505610388','4583108882'),(607,'24.10.2023','019-005-001164010','4-2465649','13.11.2023','6133582 - SALVACERO ','0992681845001','SALVACERO CIA. LTDA.','VENEZUELA #3804 ENTR','EC CEM GUAYAQUIL','GUAYAS - GUAYAQUIL','VENEZUELA #3804 ENTRE LA 12 Y  CALLE','RETIRADO','505610387','4583108873'),(608,'24.10.2023','019-005-001163993','4-2465649','13.11.2023','6133582 - SALVACERO ','0992681845001','SALVACERO CIA. LTDA.','VENEZUELA #3804 ENTR','EC CEM GUAYAQUIL','GUAYAS - GUAYAQUIL','VENEZUELA #3804 ENTRE LA 12 Y  CALLE','RETIRADO','505610385','4583108854'),(609,'24.10.2023','019-005-001163985','4-2465649','13.11.2023','6133582 - SALVACERO ','0992681845001','SALVACERO CIA. LTDA.','VENEZUELA #3804 ENTR','EC CEM GUAYAQUIL','GUAYAS - GUAYAQUIL','VENEZUELA #3804 ENTRE LA 12 Y  CALLE','RETIRADO','505610384','4583108847'),(610,'23.10.2023','019-005-001163681','4-2465649','12.11.2023','6133582 - SALVACERO ','0992681845001','SALVACERO CIA. LTDA.','VENEZUELA #3804 ENTR','EC CEM GUAYAQUIL','GUAYAS - GUAYAQUIL','VENEZUELA #3804 ENTRE LA 12 Y  CALLE','RETIRADO','505605665','4583108478'),(611,'23.10.2023','019-005-001163680','4-2465649','12.11.2023','6133582 - SALVACERO ','0992681845001','SALVACERO CIA. LTDA.','VENEZUELA #3804 ENTR','EC CEM GUAYAQUIL','GUAYAS - GUAYAQUIL','VENEZUELA #3804 ENTRE LA 12 Y  CALLE','RETIRADO','505605664','4583108477'),(612,'23.10.2023','019-005-001163679','4-2465649','12.11.2023','6133582 - SALVACERO ','0992681845001','SALVACERO CIA. LTDA.','VENEZUELA #3804 ENTR','EC CEM GUAYAQUIL','GUAYAS - GUAYAQUIL','VENEZUELA #3804 ENTRE LA 12 Y  CALLE','RETIRADO','505605663','4583108476'),(613,'23.10.2023','019-005-001163678','4-2465649','12.11.2023','6133582 - SALVACERO ','0992681845001','SALVACERO CIA. LTDA.','VENEZUELA #3804 ENTR','EC CEM GUAYAQUIL','GUAYAS - GUAYAQUIL','VENEZUELA #3804 ENTRE LA 12 Y  CALLE','RETIRADO','505605662','4583108475'),(614,'23.10.2023','019-005-001163677','4-2465649','12.11.2023','6133582 - SALVACERO ','0992681845001','SALVACERO CIA. LTDA.','VENEZUELA #3804 ENTR','EC CEM GUAYAQUIL','GUAYAS - GUAYAQUIL','VENEZUELA #3804 ENTRE LA 12 Y  CALLE','RETIRADO','505605661','4583108474'),(615,'23.10.2023','019-005-001163674','4-2465649','12.11.2023','6133582 - SALVACERO ','0992681845001','SALVACERO CIA. LTDA.','VENEZUELA #3804 ENTR','EC CEM GUAYAQUIL','GUAYAS - GUAYAQUIL','VENEZUELA #3804 ENTRE LA 12 Y  CALLE','RETIRADO','505605660','4583108471'),(616,'23.10.2023','019-005-001163313','4-2465649','12.11.2023','6133582 - SALVACERO ','0992681845001','SALVACERO CIA. LTDA.','VENEZUELA #3804 ENTR','EC CEM GUAYAQUIL','GUAYAS - GUAYAQUIL','VENEZUELA #3804 ENTRE LA 12 Y  CALLE','RETIRADO','505601739','4583108064'),(617,'23.10.2023','019-005-001163284','4-2465649','12.11.2023','6133582 - SALVACERO ','0992681845001','SALVACERO CIA. LTDA.','VENEZUELA #3804 ENTR','EC CEM GUAYAQUIL','GUAYAS - GUAYAQUIL','VENEZUELA #3804 ENTRE LA 12 Y  CALLE','RETIRADO','505601270','4583108029'),(618,'20.10.2023','019-005-001162997','4-2465649','09.11.2023','6133582 - SALVACERO ','0992681845001','SALVACERO CIA. LTDA.','VENEZUELA #3804 ENTR','EC CEM GUAYAQUIL','GUAYAS - GUAYAQUIL','VENEZUELA #3804 ENTRE LA 12 Y  CALLE','RETIRADO','505594811','4583107676'),(619,'20.10.2023','019-005-001162990','4-2465649','09.11.2023','6133582 - SALVACERO ','0992681845001','SALVACERO CIA. LTDA.','VENEZUELA #3804 ENTR','EC CEM GUAYAQUIL','GUAYAS - GUAYAQUIL','VENEZUELA #3804 ENTRE LA 12 Y  CALLE','RETIRADO','505594810','4583107669'),(620,'20.10.2023','019005-001163086','4-2465649','09.11.2023','6133582 - SALVACERO ','0992681845001','SALVACERO CIA. LTDA.','VENEZUELA #3804 ENTR','EC CEM GUAYAQUIL','GUAYAS - GUAYAQUIL','VENEZUELA #3804 ENTRE LA 12 Y  CALLE','RETIRADO','505596195-090','HF'),(621,'20.10.2023','019005-001163086','4-2465649','09.11.2023','6133582 - SALVACERO ','0992681845001','SALVACERO CIA. LTDA.','VENEZUELA #3804 ENTR','EC CEM GUAYAQUIL','GUAYAS - GUAYAQUIL','VENEZUELA #3804 ENTRE LA 12 Y  CALLE','RETIRADO','505596195-060','HF'),(622,'20.10.2023','019005-001163086','4-2465649','09.11.2023','6133582 - SALVACERO ','0992681845001','SALVACERO CIA. LTDA.','VENEZUELA #3804 ENTR','EC CEM GUAYAQUIL','GUAYAS - GUAYAQUIL','VENEZUELA #3804 ENTRE LA 12 Y  CALLE','RETIRADO','505596195-070','HF'),(623,'20.10.2023','019005-001163086','4-2465649','09.11.2023','6133582 - SALVACERO ','0992681845001','SALVACERO CIA. LTDA.','VENEZUELA #3804 ENTR','EC CEM GUAYAQUIL','GUAYAS - GUAYAQUIL','VENEZUELA #3804 ENTRE LA 12 Y  CALLE','RETIRADO','505596195-020','HF'),(624,'20.10.2023','019005-001163086','4-2465649','09.11.2023','6133582 - SALVACERO ','0992681845001','SALVACERO CIA. LTDA.','VENEZUELA #3804 ENTR','EC CEM GUAYAQUIL','GUAYAS - GUAYAQUIL','VENEZUELA #3804 ENTRE LA 12 Y  CALLE','RETIRADO','505596195-100','HF'),(625,'20.10.2023','019005-001163086','4-2465649','09.11.2023','6133582 - SALVACERO ','0992681845001','SALVACERO CIA. LTDA.','VENEZUELA #3804 ENTR','EC CEM GUAYAQUIL','GUAYAS - GUAYAQUIL','VENEZUELA #3804 ENTRE LA 12 Y  CALLE','RETIRADO','505596195-110','HF'),(626,'20.10.2023','019005-001163086','4-2465649','09.11.2023','6133582 - SALVACERO ','0992681845001','SALVACERO CIA. LTDA.','VENEZUELA #3804 ENTR','EC CEM GUAYAQUIL','GUAYAS - GUAYAQUIL','VENEZUELA #3804 ENTRE LA 12 Y  CALLE','RETIRADO','505596195-120','HF'),(627,'20.10.2023','019005-001163086','4-2465649','09.11.2023','6133582 - SALVACERO ','0992681845001','SALVACERO CIA. LTDA.','VENEZUELA #3804 ENTR','EC CEM GUAYAQUIL','GUAYAS - GUAYAQUIL','VENEZUELA #3804 ENTRE LA 12 Y  CALLE','RETIRADO','505596195-010','HF'),(628,'20.10.2023','019005-001163086','4-2465649','09.11.2023','6133582 - SALVACERO ','0992681845001','SALVACERO CIA. LTDA.','VENEZUELA #3804 ENTR','EC CEM GUAYAQUIL','GUAYAS - GUAYAQUIL','VENEZUELA #3804 ENTRE LA 12 Y  CALLE','RETIRADO','505596195-080','HF'),(629,'20.10.2023','019005-001163086','4-2465649','09.11.2023','6133582 - SALVACERO ','0992681845001','SALVACERO CIA. LTDA.','VENEZUELA #3804 ENTR','EC CEM GUAYAQUIL','GUAYAS - GUAYAQUIL','VENEZUELA #3804 ENTRE LA 12 Y  CALLE','RETIRADO','505596195-030','HF'),(630,'20.10.2023','019005-001163086','4-2465649','09.11.2023','6133582 - SALVACERO ','0992681845001','SALVACERO CIA. LTDA.','VENEZUELA #3804 ENTR','EC CEM GUAYAQUIL','GUAYAS - GUAYAQUIL','VENEZUELA #3804 ENTRE LA 12 Y  CALLE','RETIRADO','505596195-040','HF'),(631,'20.10.2023','019005-001163086','4-2465649','09.11.2023','6133582 - SALVACERO ','0992681845001','SALVACERO CIA. LTDA.','VENEZUELA #3804 ENTR','EC CEM GUAYAQUIL','GUAYAS - GUAYAQUIL','VENEZUELA #3804 ENTRE LA 12 Y  CALLE','RETIRADO','505596195-050','HF'),(632,'31.10.2023','019005-001166078','4-2465649','20.11.2023','6133582 - SALVACERO ','0992681845001','SALVACERO CIA. LTDA.','VENEZUELA #3804 ENTR','EC CEM GUAYAQUIL','GUAYAS - GUAYAQUIL','VENEZUELA #3804 ENTRE LA 12 Y  CALLE','RETIRADO','505641166-010','HF'),(633,'31.10.2023','019005-001166078','4-2465649','20.11.2023','6133582 - SALVACERO ','0992681845001','SALVACERO CIA. LTDA.','VENEZUELA #3804 ENTR','EC CEM GUAYAQUIL','GUAYAS - GUAYAQUIL','VENEZUELA #3804 ENTRE LA 12 Y  CALLE','RETIRADO','505641166-020','HF'),(634,'31.10.2023','019005-001166078','4-2465649','20.11.2023','6133582 - SALVACERO ','0992681845001','SALVACERO CIA. LTDA.','VENEZUELA #3804 ENTR','EC CEM GUAYAQUIL','GUAYAS - GUAYAQUIL','VENEZUELA #3804 ENTRE LA 12 Y  CALLE','RETIRADO','505641166-030','HF'),(635,'31.10.2023','019005-001166078','4-2465649','20.11.2023','6133582 - SALVACERO ','0992681845001','SALVACERO CIA. LTDA.','VENEZUELA #3804 ENTR','EC CEM GUAYAQUIL','GUAYAS - GUAYAQUIL','VENEZUELA #3804 ENTRE LA 12 Y  CALLE','RETIRADO','505641166-040','HF'),(636,'31.10.2023','019005-001166078','4-2465649','20.11.2023','6133582 - SALVACERO ','0992681845001','SALVACERO CIA. LTDA.','VENEZUELA #3804 ENTR','EC CEM GUAYAQUIL','GUAYAS - GUAYAQUIL','VENEZUELA #3804 ENTRE LA 12 Y  CALLE','RETIRADO','505641166-090','HF'),(637,'31.10.2023','019005-001166078','4-2465649','20.11.2023','6133582 - SALVACERO ','0992681845001','SALVACERO CIA. LTDA.','VENEZUELA #3804 ENTR','EC CEM GUAYAQUIL','GUAYAS - GUAYAQUIL','VENEZUELA #3804 ENTRE LA 12 Y  CALLE','RETIRADO','505641166-060','HF'),(638,'31.10.2023','019005-001166078','4-2465649','20.11.2023','6133582 - SALVACERO ','0992681845001','SALVACERO CIA. LTDA.','VENEZUELA #3804 ENTR','EC CEM GUAYAQUIL','GUAYAS - GUAYAQUIL','VENEZUELA #3804 ENTRE LA 12 Y  CALLE','RETIRADO','505641166-070','HF'),(639,'31.10.2023','019005-001166078','4-2465649','20.11.2023','6133582 - SALVACERO ','0992681845001','SALVACERO CIA. LTDA.','VENEZUELA #3804 ENTR','EC CEM GUAYAQUIL','GUAYAS - GUAYAQUIL','VENEZUELA #3804 ENTRE LA 12 Y  CALLE','RETIRADO','505641166-080','HF'),(640,'31.10.2023','019005-001166078','4-2465649','20.11.2023','6133582 - SALVACERO ','0992681845001','SALVACERO CIA. LTDA.','VENEZUELA #3804 ENTR','EC CEM GUAYAQUIL','GUAYAS - GUAYAQUIL','VENEZUELA #3804 ENTRE LA 12 Y  CALLE','RETIRADO','505641166-050','HF'),(641,'31.10.2023','019005-001166098','4-2465649','20.11.2023','6133582 - SALVACERO ','0992681845001','SALVACERO CIA. LTDA.','VENEZUELA #3804 ENTR','','GUAYAS - GUAYAQUIL','VENEZUELA #3804 ENTRE LA 12 Y  CALLE','ENTREGADO','505641294-010','ANDEC'),(642,'31.10.2023','019005-001166098','4-2465649','20.11.2023','6133582 - SALVACERO ','0992681845001','SALVACERO CIA. LTDA.','VENEZUELA #3804 ENTR','','GUAYAS - GUAYAQUIL','VENEZUELA #3804 ENTRE LA 12 Y  CALLE','ENTREGADO','505641294-020','ANDEC'),(643,'31.10.2023','019005-001166335','4-2465649','20.11.2023','6133582 - SALVACERO ','0992681845001','SALVACERO CIA. LTDA.','VENEZUELA #3804 ENTR','','GUAYAS - GUAYAQUIL','VENEZUELA #3804 ENTRE LA 12 Y  CALLE','ENTREGADO','505642454-010','ANDEC');
/*!40000 ALTER TABLE `guias` ENABLE KEYS */;
UNLOCK TABLES;

--
-- Table structure for table `guias_detalle`
--

DROP TABLE IF EXISTS `guias_detalle`;
/*!40101 SET @saved_cs_client     = @@character_set_client */;
/*!40101 SET character_set_client = utf8 */;
CREATE TABLE `guias_detalle` (
  `ID` int(11) NOT NULL AUTO_INCREMENT,
  `PEDIDO_INTERNO` varchar(20) DEFAULT NULL,
  `ORD` varchar(20) DEFAULT NULL,
  `CODIGO` varchar(50) DEFAULT NULL,
  `DESCRIPCION` varchar(500) DEFAULT NULL,
  `UNIDAD` varchar(20) DEFAULT NULL,
  `POR_DESPACHAR` varchar(20) DEFAULT NULL,
  `DESPACHADA` varchar(100) DEFAULT NULL,
  `ENTREGADA` varchar(100) DEFAULT NULL,
  PRIMARY KEY (`ID`)
) ENGINE=InnoDB AUTO_INCREMENT=728 DEFAULT CHARSET=utf8mb4;
/*!40101 SET character_set_client = @saved_cs_client */;

--
-- Dumping data for table `guias_detalle`
--

LOCK TABLES `guias_detalle` WRITE;
/*!40000 ALTER TABLE `guias_detalle` DISABLE KEYS */;
INSERT INTO `guias_detalle` VALUES (640,'505629515','01','10016416','Cemento Holcim Fuerte Tipo GU 50Kg - GU','SAC','360.00','',''),(641,'505629514','01','10016416','Cemento Holcim Fuerte Tipo GU 50Kg - GU','SAC','360.00','',''),(642,'505628699','01','10016416','Cemento Holcim Fuerte Tipo GU 50Kg - GU','SAC','400.00','',''),(643,'505628698','01','10016416','Cemento Holcim Fuerte Tipo GU 50Kg - GU','SAC','400.00','',''),(644,'505628697','01','10016416','Cemento Holcim Fuerte Tipo GU 50Kg - GU','SAC','400.00','',''),(645,'505628695','01','10016416','Cemento Holcim Fuerte Tipo GU 50Kg - GU','SAC','400.00','',''),(646,'505628694','01','10016416','Cemento Holcim Fuerte Tipo GU 50Kg - GU','SAC','400.00','',''),(647,'505628693','01','10016416','Cemento Holcim Fuerte Tipo GU 50Kg - GU','SAC','400.00','',''),(648,'505621037','01','91001868','Varilla Corrugada 08mm x 12m ANDEC','UN','500.00','',''),(649,'505621037','02','91001871','Varilla Corrugada 10mm x 12m ANDEC','UN','330.00','',''),(650,'505641987','01','91010981','Bondex Standard Ceramica 25Kg','SAC','800.00','',''),(651,'505639349','01','10016416','Cemento Holcim Fuerte Tipo GU 50Kg - GU','SAC','360.00','',''),(652,'505639288','01','10016416','Cemento Holcim Fuerte Tipo GU 50Kg - GU','SAC','240.00','',''),(653,'505639040','01','10016416','Cemento Holcim Fuerte Tipo GU 50Kg - GU','SAC','160.00','',''),(654,'505637208','01','10016416','Cemento Holcim Fuerte Tipo GU 50Kg - GU','SAC','400.00','',''),(655,'505637207','01','10016416','Cemento Holcim Fuerte Tipo GU 50Kg - GU','SAC','400.00','',''),(656,'505637206','01','10016416','Cemento Holcim Fuerte Tipo GU 50Kg - GU','SAC','400.00','',''),(657,'505637205','01','10016416','Cemento Holcim Fuerte Tipo GU 50Kg - GU','SAC','400.00','',''),(658,'505637167','01','91025245','Groutex Rustico Terracota 2Kg','UN','24.00','',''),(659,'505637167','02','91025242','Groutex Rustico Sahara 2Kg','UN','10.00','',''),(660,'505631234','01','10016416','Cemento Holcim Fuerte Tipo GU 50Kg - GU','SAC','640.00','',''),(661,'505631233','01','10016416','Cemento Holcim Fuerte Tipo GU 50Kg - GU','SAC','640.00','',''),(662,'505629516','01','10016416','Cemento Holcim Fuerte Tipo GU 50Kg - GU','SAC','360.00','',''),(663,'505629515','01','10016416','Cemento Holcim Fuerte Tipo GU 50Kg - GU','SAC','360.00','',''),(664,'505629514','01','10016416','Cemento Holcim Fuerte Tipo GU 50Kg - GU','SAC','360.00','',''),(665,'505628699','01','10016416','Cemento Holcim Fuerte Tipo GU 50Kg - GU','SAC','400.00','',''),(666,'505628698','01','10016416','Cemento Holcim Fuerte Tipo GU 50Kg - GU','SAC','400.00','',''),(667,'505628697','01','10016416','Cemento Holcim Fuerte Tipo GU 50Kg - GU','SAC','400.00','',''),(668,'505628695','01','10016416','Cemento Holcim Fuerte Tipo GU 50Kg - GU','SAC','400.00','',''),(669,'505628694','01','10016416','Cemento Holcim Fuerte Tipo GU 50Kg - GU','SAC','400.00','',''),(670,'505628693','01','10016416','Cemento Holcim Fuerte Tipo GU 50Kg - GU','SAC','400.00','',''),(671,'505621037','01','91001868','Varilla Corrugada 08mm x 12m ANDEC','UN','500.00','',''),(672,'505621037','02','91001871','Varilla Corrugada 10mm x 12m ANDEC','UN','330.00','',''),(673,'505616264','01','10016416','Cemento Holcim Fuerte Tipo GU 50Kg - GU','SAC','400.00','',''),(674,'505616263','01','10016416','Cemento Holcim Fuerte Tipo GU 50Kg - GU','SAC','400.00','',''),(675,'505616262','01','10016416','Cemento Holcim Fuerte Tipo GU 50Kg - GU','SAC','400.00','',''),(676,'505616072','01','10016416','Cemento Holcim Fuerte Tipo GU 50Kg - GU','SAC','360.00','',''),(677,'505616071','01','10016416','Cemento Holcim Fuerte Tipo GU 50Kg - GU','SAC','360.00','',''),(678,'505616070','01','10016416','Cemento Holcim Fuerte Tipo GU 50Kg - GU','SAC','360.00','',''),(679,'505616069','01','10016416','Cemento Holcim Fuerte Tipo GU 50Kg - GU','SAC','360.00','',''),(680,'505616068','01','10016416','Cemento Holcim Fuerte Tipo GU 50Kg - GU','SAC','360.00','',''),(681,'505615955','01','10016416','Cemento Holcim Fuerte Tipo GU 50Kg - GU','SAC','400.00','',''),(682,'505615954','01','10016416','Cemento Holcim Fuerte Tipo GU 50Kg - GU','SAC','400.00','',''),(683,'505615953','01','10016416','Cemento Holcim Fuerte Tipo GU 50Kg - GU','SAC','400.00','',''),(684,'505615952','01','10016416','Cemento Holcim Fuerte Tipo GU 50Kg - GU','SAC','400.00','',''),(685,'505615950','01','10016416','Cemento Holcim Fuerte Tipo GU 50Kg - GU','SAC','400.00','',''),(686,'505615949','01','10016416','Cemento Holcim Fuerte Tipo GU 50Kg - GU','SAC','400.00','',''),(687,'505615948','01','10016416','Cemento Holcim Fuerte Tipo GU 50Kg - GU','SAC','400.00','',''),(688,'505610823','01','10016416','Cemento Holcim Fuerte Tipo GU 50Kg - GU','SAC','360.00','',''),(689,'505610822','01','10016416','Cemento Holcim Fuerte Tipo GU 50Kg - GU','SAC','360.00','',''),(690,'505610388','01','10016416','Cemento Holcim Fuerte Tipo GU 50Kg - GU','SAC','400.00','',''),(691,'505610387','01','10016416','Cemento Holcim Fuerte Tipo GU 50Kg - GU','SAC','400.00','',''),(692,'505610385','01','10016416','Cemento Holcim Fuerte Tipo GU 50Kg - GU','SAC','400.00','',''),(693,'505610384','01','10016416','Cemento Holcim Fuerte Tipo GU 50Kg - GU','SAC','400.00','',''),(694,'505605665','01','10016416','Cemento Holcim Fuerte Tipo GU 50Kg - GU','SAC','400.00','',''),(695,'505605664','01','10016416','Cemento Holcim Fuerte Tipo GU 50Kg - GU','SAC','400.00','',''),(696,'505605663','01','10016416','Cemento Holcim Fuerte Tipo GU 50Kg - GU','SAC','400.00','',''),(697,'505605662','01','10016416','Cemento Holcim Fuerte Tipo GU 50Kg - GU','SAC','400.00','',''),(698,'505605661','01','10016416','Cemento Holcim Fuerte Tipo GU 50Kg - GU','SAC','400.00','',''),(699,'505605660','01','10016416','Cemento Holcim Fuerte Tipo GU 50Kg - GU','SAC','400.00','',''),(700,'505601739','01','10016416','Cemento Holcim Fuerte Tipo GU 50Kg - GU','SAC','640.00','',''),(701,'505601270','01','10016416','Cemento Holcim Fuerte Tipo GU 50Kg - GU','SAC','160.00','',''),(702,'505594811','01','10016416','Cemento Holcim Fuerte Tipo GU 50Kg - GU','SAC','360.00','',''),(703,'505594810','01','10016416','Cemento Holcim Fuerte Tipo GU 50Kg - GU','SAC','360.00','',''),(704,'505596195-090','090','10016416','Cemento Holcim Fuerte Tipo GU 50Kg','SAC','360.00','',''),(705,'505596195-060','060','10016416','Cemento Holcim Fuerte Tipo GU 50Kg','SAC','400.00','',''),(706,'505596195-070','070','10016416','Cemento Holcim Fuerte Tipo GU 50Kg','SAC','400.00','',''),(707,'505596195-020','020','10016416','Cemento Holcim Fuerte Tipo GU 50Kg','SAC','400.00','',''),(708,'505596195-100','100','10016416','Cemento Holcim Fuerte Tipo GU 50Kg','SAC','360.00','',''),(709,'505596195-110','110','10016416','Cemento Holcim Fuerte Tipo GU 50Kg','SAC','360.00','',''),(710,'505596195-120','120','10016416','Cemento Holcim Fuerte Tipo GU 50Kg','SAC','360.00','',''),(711,'505596195-010','010','10016416','Cemento Holcim Fuerte Tipo GU 50Kg','SAC','400.00','',''),(712,'505596195-080','080','10016416','Cemento Holcim Fuerte Tipo GU 50Kg','SAC','400.00','',''),(713,'505596195-030','030','10016416','Cemento Holcim Fuerte Tipo GU 50Kg','SAC','400.00','',''),(714,'505596195-040','040','10016416','Cemento Holcim Fuerte Tipo GU 50Kg','SAC','400.00','',''),(715,'505596195-050','050','10016416','Cemento Holcim Fuerte Tipo GU 50Kg','SAC','400.00','',''),(716,'505641166-010','010','10016416','Cemento Holcim Fuerte Tipo GU 50Kg','SAC','360.00','',''),(717,'505641166-020','020','10016416','Cemento Holcim Fuerte Tipo GU 50Kg','SAC','360.00','',''),(718,'505641166-030','030','10016416','Cemento Holcim Fuerte Tipo GU 50Kg','SAC','360.00','',''),(719,'505641166-040','040','10016416','Cemento Holcim Fuerte Tipo GU 50Kg','SAC','400.00','',''),(720,'505641166-090','090','10016416','Cemento Holcim Fuerte Tipo GU 50Kg','SAC','400.00','',''),(721,'505641166-060','060','10016416','Cemento Holcim Fuerte Tipo GU 50Kg','SAC','400.00','',''),(722,'505641166-070','070','10016416','Cemento Holcim Fuerte Tipo GU 50Kg','SAC','400.00','',''),(723,'505641166-080','080','10016416','Cemento Holcim Fuerte Tipo GU 50Kg','SAC','400.00','',''),(724,'505641166-050','050','10016416','Cemento Holcim Fuerte Tipo GU 50Kg','SAC','400.00','',''),(725,'505641294-010','010','91001868','Varilla Corrugada 08mm x 12m ANDEC','UN','100.00','',''),(726,'505641294-020','020','91001874','Varilla Corrugada 12mm x 12m ANDEC','UN','690.00','',''),(727,'505642454-010','010','91001868','Varilla Corrugada 08mm x 12m ANDEC','UN','900.00','','');
/*!40000 ALTER TABLE `guias_detalle` ENABLE KEYS */;
UNLOCK TABLES;

--
-- Table structure for table `sis_menu`
--

DROP TABLE IF EXISTS `sis_menu`;
/*!40101 SET @saved_cs_client     = @@character_set_client */;
/*!40101 SET character_set_client = utf8 */;
CREATE TABLE `sis_menu` (
  `menu_ID` int(11) NOT NULL AUTO_INCREMENT,
  `Nombre` varchar(50) DEFAULT NULL,
  `ruta` varchar(500) DEFAULT NULL,
  `icono` varchar(50) DEFAULT NULL,
  `vista` varchar(1000) DEFAULT NULL,
  `variable` varchar(100) DEFAULT NULL,
  PRIMARY KEY (`menu_ID`)
) ENGINE=InnoDB AUTO_INCREMENT=6 DEFAULT CHARSET=utf8mb4;
/*!40101 SET character_set_client = @saved_cs_client */;

--
-- Dumping data for table `sis_menu`
--

LOCK TABLES `sis_menu` WRITE;
/*!40000 ALTER TABLE `sis_menu` DISABLE KEYS */;
INSERT INTO `sis_menu` VALUES (1,'Dashboard','dashboard','cilSpeedometer','dashboard/Dashboard','dashboard'),(2,'Despacho','despacho','cilNotes',NULL,NULL),(3,'Mantenimiento','mantenimiento','cilPuzzle',NULL,NULL),(4,'Facturas','Facuras','cilPuzzle','facturas/Facturas','facturas'),(5,'Desarrollo','desarrollo','cilPuzzle',NULL,'');
/*!40000 ALTER TABLE `sis_menu` ENABLE KEYS */;
UNLOCK TABLES;

--
-- Table structure for table `sis_parametros`
--

DROP TABLE IF EXISTS `sis_parametros`;
/*!40101 SET @saved_cs_client     = @@character_set_client */;
/*!40101 SET character_set_client = utf8 */;
CREATE TABLE `sis_parametros` (
  `ID` int(11) NOT NULL AUTO_INCREMENT,
  `parametro_nombre` varchar(50) DEFAULT NULL,
  `paramentro_valor` float DEFAULT NULL,
  PRIMARY KEY (`ID`)
) ENGINE=InnoDB AUTO_INCREMENT=2 DEFAULT CHARSET=utf8mb4;
/*!40101 SET character_set_client = @saved_cs_client */;

--
-- Dumping data for table `sis_parametros`
--

LOCK TABLES `sis_parametros` WRITE;
/*!40000 ALTER TABLE `sis_parametros` DISABLE KEYS */;
INSERT INTO `sis_parametros` VALUES (1,'IVA',12);
/*!40000 ALTER TABLE `sis_parametros` ENABLE KEYS */;
UNLOCK TABLES;

--
-- Table structure for table `sis_submenu`
--

DROP TABLE IF EXISTS `sis_submenu`;
/*!40101 SET @saved_cs_client     = @@character_set_client */;
/*!40101 SET character_set_client = utf8 */;
CREATE TABLE `sis_submenu` (
  `submenu_ID` int(11) NOT NULL AUTO_INCREMENT,
  `padre_id` int(11) DEFAULT NULL,
  `sub_nombre` varchar(200) DEFAULT NULL,
  `ruta` varchar(500) DEFAULT NULL,
  `icono` varchar(50) DEFAULT NULL,
  `vista` varchar(1000) DEFAULT NULL,
  `variable` varchar(100) DEFAULT NULL,
  PRIMARY KEY (`submenu_ID`)
) ENGINE=InnoDB AUTO_INCREMENT=7 DEFAULT CHARSET=utf8mb4;
/*!40101 SET character_set_client = @saved_cs_client */;

--
-- Dumping data for table `sis_submenu`
--

LOCK TABLES `sis_submenu` WRITE;
/*!40000 ALTER TABLE `sis_submenu` DISABLE KEYS */;
INSERT INTO `sis_submenu` VALUES (1,2,'Ingresar Guia','despacho/guias',NULL,'despacho/guias/Guias','guias'),(2,2,'Administrar Guias','despacho/administrar',NULL,'despacho/administrar/Administrar','administracion'),(3,3,'Usuarios','mantenimiento/usuarios',NULL,'mantenimiento/usuarios/Usuarios','usuarios'),(4,3,'Clientes','mantenimiento/clientes',NULL,'mantenimiento/clientes/Clientes','clientes'),(5,5,'Scrapys','desarrollo/scrapy',NULL,'desarrollo/scrapy/Scrapy','scrapy'),(6,3,'Choferes','mantenimiento/choferes',NULL,'mantenimiento/choferes/Choferes','choferes');
/*!40000 ALTER TABLE `sis_submenu` ENABLE KEYS */;
UNLOCK TABLES;

--
-- Table structure for table `sis_sucursales`
--

DROP TABLE IF EXISTS `sis_sucursales`;
/*!40101 SET @saved_cs_client     = @@character_set_client */;
/*!40101 SET character_set_client = utf8 */;
CREATE TABLE `sis_sucursales` (
  `ID` int(11) NOT NULL AUTO_INCREMENT,
  `Nombre` varchar(100) DEFAULT NULL,
  `Estado` int(11) DEFAULT 1,
  `fecha_creado` datetime NOT NULL DEFAULT current_timestamp(),
  `creado_por` varchar(20) DEFAULT NULL,
  PRIMARY KEY (`ID`)
) ENGINE=InnoDB AUTO_INCREMENT=2 DEFAULT CHARSET=utf8mb4;
/*!40101 SET character_set_client = @saved_cs_client */;

--
-- Dumping data for table `sis_sucursales`
--

LOCK TABLES `sis_sucursales` WRITE;
/*!40000 ALTER TABLE `sis_sucursales` DISABLE KEYS */;
INSERT INTO `sis_sucursales` VALUES (1,'GUAYAQUIL',1,'2023-10-11 23:32:49','JALVARADO');
/*!40000 ALTER TABLE `sis_sucursales` ENABLE KEYS */;
UNLOCK TABLES;

--
-- Table structure for table `sis_usuario_accesos`
--

DROP TABLE IF EXISTS `sis_usuario_accesos`;
/*!40101 SET @saved_cs_client     = @@character_set_client */;
/*!40101 SET character_set_client = utf8 */;
CREATE TABLE `sis_usuario_accesos` (
  `usuario_ID` int(11) DEFAULT NULL,
  `menu_ID` int(11) DEFAULT NULL,
  `submenu_ID` int(11) DEFAULT NULL
) ENGINE=InnoDB DEFAULT CHARSET=utf8mb4;
/*!40101 SET character_set_client = @saved_cs_client */;

--
-- Dumping data for table `sis_usuario_accesos`
--

LOCK TABLES `sis_usuario_accesos` WRITE;
/*!40000 ALTER TABLE `sis_usuario_accesos` DISABLE KEYS */;
INSERT INTO `sis_usuario_accesos` VALUES (1,1,NULL),(1,2,NULL),(1,2,1),(1,2,2),(1,3,NULL),(1,3,3),(1,3,4),(1,3,6),(1,5,NULL),(1,5,5),(6,1,NULL),(6,2,NULL),(6,2,2),(6,3,NULL),(6,3,3),(6,3,4),(6,3,6);
/*!40000 ALTER TABLE `sis_usuario_accesos` ENABLE KEYS */;
UNLOCK TABLES;

--
-- Table structure for table `us_choferes`
--

DROP TABLE IF EXISTS `us_choferes`;
/*!40101 SET @saved_cs_client     = @@character_set_client */;
/*!40101 SET character_set_client = utf8 */;
CREATE TABLE `us_choferes` (
  `ID` int(11) NOT NULL AUTO_INCREMENT,
  `usuario_id` int(11) DEFAULT NULL,
  `PLACA` varchar(10) DEFAULT NULL,
  `ESTADO` int(11) DEFAULT 1,
  `FECHA_CREADO` datetime NOT NULL DEFAULT current_timestamp(),
  `CREADO_POR` varchar(20) DEFAULT NULL,
  PRIMARY KEY (`ID`)
) ENGINE=InnoDB AUTO_INCREMENT=13 DEFAULT CHARSET=utf8mb4;
/*!40101 SET character_set_client = @saved_cs_client */;

--
-- Dumping data for table `us_choferes`
--

LOCK TABLES `us_choferes` WRITE;
/*!40000 ALTER TABLE `us_choferes` DISABLE KEYS */;
INSERT INTO `us_choferes` VALUES (6,7,'GBO-4396',1,'2023-10-31 11:53:58','JALVARADO'),(7,8,'GBO-7782',1,'2023-10-31 11:54:05','JALVARADO'),(8,9,'GBO-7758',1,'2023-10-31 11:54:50','JALVARADO'),(9,10,'KAB-0938',1,'2023-10-31 11:54:58','JALVARADO'),(10,11,'JBA-2916',1,'2023-10-31 11:55:10','JALVARADO'),(11,12,'GSY-4052',1,'2023-10-31 11:55:19','JALVARADO'),(12,13,'GBN-6978',1,'2023-10-31 13:54:00','JALVARADO');
/*!40000 ALTER TABLE `us_choferes` ENABLE KEYS */;
UNLOCK TABLES;

--
-- Table structure for table `us_departamentos`
--

DROP TABLE IF EXISTS `us_departamentos`;
/*!40101 SET @saved_cs_client     = @@character_set_client */;
/*!40101 SET character_set_client = utf8 */;
CREATE TABLE `us_departamentos` (
  `ID` int(11) NOT NULL AUTO_INCREMENT,
  `nombre` varchar(20) DEFAULT NULL,
  `fecha_creado` datetime NOT NULL DEFAULT current_timestamp(),
  `creado_por` varchar(20) DEFAULT NULL,
  `estado` int(11) DEFAULT 1,
  PRIMARY KEY (`ID`)
) ENGINE=InnoDB AUTO_INCREMENT=3 DEFAULT CHARSET=utf8mb4;
/*!40101 SET character_set_client = @saved_cs_client */;

--
-- Dumping data for table `us_departamentos`
--

LOCK TABLES `us_departamentos` WRITE;
/*!40000 ALTER TABLE `us_departamentos` DISABLE KEYS */;
INSERT INTO `us_departamentos` VALUES (1,'DEPARTAMENTO 1','2023-10-11 22:59:06','JALVARADO',1),(2,'SISTEMAS','2023-10-11 22:59:17','JALVARADO',1);
/*!40000 ALTER TABLE `us_departamentos` ENABLE KEYS */;
UNLOCK TABLES;

--
-- Table structure for table `us_usuarios`
--

DROP TABLE IF EXISTS `us_usuarios`;
/*!40101 SET @saved_cs_client     = @@character_set_client */;
/*!40101 SET character_set_client = utf8 */;
CREATE TABLE `us_usuarios` (
  `Usuario_ID` int(11) NOT NULL AUTO_INCREMENT,
  `Usuario` varchar(20) DEFAULT NULL,
  `Nombre` varchar(100) DEFAULT NULL,
  `password` varchar(500) DEFAULT NULL,
  `email` varchar(200) DEFAULT NULL,
  `departamento_id` int(11) DEFAULT NULL,
  `sucursal_id` int(11) DEFAULT NULL,
  `fecha_creado` datetime NOT NULL DEFAULT current_timestamp(),
  `Estado` int(11) DEFAULT 1,
  `fecha_actualizado` datetime DEFAULT NULL ON UPDATE current_timestamp(),
  `actualizado_por` varchar(20) DEFAULT NULL,
  `fecha_desactivado` datetime DEFAULT NULL ON UPDATE current_timestamp(),
  `desactivado_por` varchar(20) DEFAULT NULL,
  PRIMARY KEY (`Usuario_ID`)
) ENGINE=InnoDB AUTO_INCREMENT=14 DEFAULT CHARSET=utf8mb4;
/*!40101 SET character_set_client = @saved_cs_client */;

--
-- Dumping data for table `us_usuarios`
--

LOCK TABLES `us_usuarios` WRITE;
/*!40000 ALTER TABLE `us_usuarios` DISABLE KEYS */;
INSERT INTO `us_usuarios` VALUES (1,'JALVARADO','JORGE ALVARADO','5994471abb01112afcc18159f6cc74b4f511b99806da59b3caf5a9c173cacfc5','jalvaradoe3@gmail.com',2,1,'2023-10-11 23:10:55',1,'2023-10-29 14:40:31',NULL,'2023-10-29 14:40:31',NULL),(6,'prueba','prueba','5994471abb01112afcc18159f6cc74b4f511b99806da59b3caf5a9c173cacfc5','prueba',2,1,'2023-10-19 20:36:15',1,NULL,NULL,NULL,NULL),(7,'chofer1','chofer1','5994471abb01112afcc18159f6cc74b4f511b99806da59b3caf5a9c173cacfc5','',1,1,'2023-10-31 11:44:47',1,NULL,NULL,NULL,NULL),(8,'chofer2','chofer2','5994471abb01112afcc18159f6cc74b4f511b99806da59b3caf5a9c173cacfc5','',1,1,'2023-10-31 11:50:24',1,NULL,NULL,NULL,NULL),(9,'chofer3','chofer3','5994471abb01112afcc18159f6cc74b4f511b99806da59b3caf5a9c173cacfc5','',1,1,'2023-10-31 11:50:37',1,'2023-10-31 11:54:25',NULL,'2023-10-31 11:54:25',NULL),(10,'chofer4','chofer4','5994471abb01112afcc18159f6cc74b4f511b99806da59b3caf5a9c173cacfc5','',1,1,'2023-10-31 11:52:23',1,NULL,NULL,NULL,NULL),(11,'chofer5','chofer5','5994471abb01112afcc18159f6cc74b4f511b99806da59b3caf5a9c173cacfc5','',1,1,'2023-10-31 11:52:34',1,NULL,NULL,NULL,NULL),(12,'chofer6','chofer6','5994471abb01112afcc18159f6cc74b4f511b99806da59b3caf5a9c173cacfc5','',1,1,'2023-10-31 11:52:52',1,'2023-10-31 13:50:24',NULL,'2023-10-31 13:50:24',NULL),(13,'chofer7','chofer7','5994471abb01112afcc18159f6cc74b4f511b99806da59b3caf5a9c173cacfc5','',1,1,'2023-10-31 13:52:16',1,NULL,NULL,NULL,NULL);
/*!40000 ALTER TABLE `us_usuarios` ENABLE KEYS */;
UNLOCK TABLES;

--
-- Table structure for table `us_usuarios_accesos`
--

DROP TABLE IF EXISTS `us_usuarios_accesos`;
/*!40101 SET @saved_cs_client     = @@character_set_client */;
/*!40101 SET character_set_client = utf8 */;
CREATE TABLE `us_usuarios_accesos` (
  `usuario_ID` int(11) DEFAULT NULL,
  `menu_ID` int(11) DEFAULT NULL,
  `submenu_ID` int(11) DEFAULT NULL
) ENGINE=InnoDB DEFAULT CHARSET=utf8mb4;
/*!40101 SET character_set_client = @saved_cs_client */;

--
-- Dumping data for table `us_usuarios_accesos`
--

LOCK TABLES `us_usuarios_accesos` WRITE;
/*!40000 ALTER TABLE `us_usuarios_accesos` DISABLE KEYS */;
INSERT INTO `us_usuarios_accesos` VALUES (6,1,NULL),(6,2,NULL),(6,2,1),(6,2,2),(6,3,NULL),(6,3,3),(6,3,4),(6,3,6),(6,5,NULL),(6,5,5),(1,1,NULL),(1,3,NULL),(1,3,3),(1,3,4),(1,3,6),(1,2,NULL),(1,2,1),(1,2,2),(1,5,NULL),(1,5,5);
/*!40000 ALTER TABLE `us_usuarios_accesos` ENABLE KEYS */;
UNLOCK TABLES;

--
-- Dumping routines for database 'svsys'
--
/*!50003 DROP PROCEDURE IF EXISTS `GUI_GUIAS_DESPACHO_INSERT` */;
/*!50003 SET @saved_cs_client      = @@character_set_client */ ;
/*!50003 SET @saved_cs_results     = @@character_set_results */ ;
/*!50003 SET @saved_col_connection = @@collation_connection */ ;
/*!50003 SET character_set_client  = utf8mb4 */ ;
/*!50003 SET character_set_results = utf8mb4 */ ;
/*!50003 SET collation_connection  = utf8mb4_general_ci */ ;
/*!50003 SET @saved_sql_mode       = @@sql_mode */ ;
/*!50003 SET sql_mode              = 'STRICT_TRANS_TABLES,NO_ZERO_IN_DATE,NO_ZERO_DATE,NO_ENGINE_SUBSTITUTION' */ ;
DELIMITER ;;
CREATE DEFINER=`root`@`localhost` PROCEDURE `GUI_GUIAS_DESPACHO_INSERT`(
in PEDIDO_INTERNO varchar(20),
in CLIENTE_ENTREGA_ID int,
in SERVICIO_ID int,
in DESTINO_ID int,
in CREADO_POR int,
in ESTADO int,
in ESTADO_DESPACHO bit,
in PARCIAL bit,
in PLACA_CAMBIADA bit,
in PLACA_CAMBIADA_NUMERO  varchar(20)
)
begin
	
	INSERT INTO svsys.gui_guias_despachadas
(
	PEDIDO_INTERNO,
	CLIENTE_ENTREGA_ID,
	SERVICIO_ID,
	DESTINO_ID,
	CREADO_POR,
	ESTADO,
	ESTADO_DESPACHO,
	PARCIAL,
	PLACA_CAMBIADA,
	PLACA_CAMBIADA_NUMERO
	
) values
(
	PEDIDO_INTERNO,
	CLIENTE_ENTREGA_ID,
	SERVICIO_ID,
	DESTINO_ID,
	CREADO_POR,
	ESTADO,
	ESTADO_DESPACHO,
	PARCIAL,
	PLACA_CAMBIADA,
	PLACA_CAMBIADA_NUMERO
);

END ;;
DELIMITER ;
/*!50003 SET sql_mode              = @saved_sql_mode */ ;
/*!50003 SET character_set_client  = @saved_cs_client */ ;
/*!50003 SET character_set_results = @saved_cs_results */ ;
/*!50003 SET collation_connection  = @saved_col_connection */ ;
/*!40103 SET TIME_ZONE=@OLD_TIME_ZONE */;

/*!40101 SET SQL_MODE=@OLD_SQL_MODE */;
/*!40014 SET FOREIGN_KEY_CHECKS=@OLD_FOREIGN_KEY_CHECKS */;
/*!40014 SET UNIQUE_CHECKS=@OLD_UNIQUE_CHECKS */;
/*!40101 SET CHARACTER_SET_CLIENT=@OLD_CHARACTER_SET_CLIENT */;
/*!40101 SET CHARACTER_SET_RESULTS=@OLD_CHARACTER_SET_RESULTS */;
/*!40101 SET COLLATION_CONNECTION=@OLD_COLLATION_CONNECTION */;
/*!40111 SET SQL_NOTES=@OLD_SQL_NOTES */;

-- Dump completed on 2023-10-31 17:48:30
