-- MySQL dump 10.13  Distrib 5.5.62, for Win64 (AMD64)
--
-- Host: localhost    Database: svsys
-- ------------------------------------------------------
-- Server version	5.5.5-10.4.24-MariaDB

/*!40101 SET @OLD_CHARACTER_SET_CLIENT=@@CHARACTER_SET_CLIENT */;
/*!40101 SET @OLD_CHARACTER_SET_RESULTS=@@CHARACTER_SET_RESULTS */;
/*!40101 SET @OLD_COLLATION_CONNECTION=@@COLLATION_CONNECTION */;
/*!40101 SET NAMES utf8 */;
/*!40103 SET @OLD_TIME_ZONE=@@TIME_ZONE */;
/*!40103 SET TIME_ZONE='+00:00' */;
/*!40014 SET @OLD_UNIQUE_CHECKS=@@UNIQUE_CHECKS, UNIQUE_CHECKS=0 */;
/*!40014 SET @OLD_FOREIGN_KEY_CHECKS=@@FOREIGN_KEY_CHECKS, FOREIGN_KEY_CHECKS=0 */;
/*!40101 SET @OLD_SQL_MODE=@@SQL_MODE, SQL_MODE='NO_AUTO_VALUE_ON_ZERO' */;
/*!40111 SET @OLD_SQL_NOTES=@@SQL_NOTES, SQL_NOTES=0 */;

--
-- Table structure for table `cli_clientes`
--

DROP TABLE IF EXISTS `cli_clientes`;
/*!40101 SET @saved_cs_client     = @@character_set_client */;
/*!40101 SET character_set_client = utf8 */;
CREATE TABLE `cli_clientes` (
  `ID` int(11) NOT NULL AUTO_INCREMENT,
  `CLIENTE_RUC` varchar(20) DEFAULT NULL,
  `CLIENTE_NOMBRE` varchar(500) DEFAULT NULL,
  `CLIENTE_RAZON_SOCIAL` varchar(500) DEFAULT NULL,
  `CLIENTE_PROVINCIA_ID` varchar(10) DEFAULT NULL,
  `CLIENTE_PROVINCIA_NOMBRE` varchar(50) DEFAULT NULL,
  `CLIENTE_CIUDAD` varchar(50) DEFAULT NULL,
  `CLIENTE_DIRECCION` varchar(200) DEFAULT NULL,
  `CLIENTE_DIRECCION_DESPACHO` varchar(500) DEFAULT NULL,
  `CLIENTE_EMAIL` varchar(100) DEFAULT NULL,
  `CLIENTE_TELEFONO` varchar(20) DEFAULT NULL,
  `estado` int(11) DEFAULT 1,
  `creado_por` varchar(20) DEFAULT NULL,
  `fecha_creado` datetime NOT NULL DEFAULT current_timestamp(),
  PRIMARY KEY (`ID`)
) ENGINE=InnoDB AUTO_INCREMENT=20 DEFAULT CHARSET=utf8mb4;
/*!40101 SET character_set_client = @saved_cs_client */;

--
-- Dumping data for table `cli_clientes`
--

LOCK TABLES `cli_clientes` WRITE;
/*!40000 ALTER TABLE `cli_clientes` DISABLE KEYS */;
INSERT INTO `cli_clientes` VALUES (15,'0931531115','CLIENTE 1','JORGE ALVARADO','04','Carchi','Bolívar','aw','wad','awd','awd',1,'JALVARADO','2023-10-16 17:18:59'),(16,'093153111','CLIENTE 2','ADS','01','Azuay','Gualaceo','asd','asd','asd','asd',1,'JALVARADO','2023-10-16 17:30:29'),(17,'0931531116','CLIENTE 3','AWADDW','16','Napo','Tena','awd','awd','awd','awd',1,'JALVARADO','2023-10-16 17:54:38'),(19,'0931531118','CLIENTE 4','ADDDDDDDDDDD','04','Carchi','Espejo','awdddddddd','awdddddddddddddddddddddddddddddd','awd@mail','09123123',1,'JALVARADO','2023-10-16 18:00:30');
/*!40000 ALTER TABLE `cli_clientes` ENABLE KEYS */;
UNLOCK TABLES;

--
-- Table structure for table `clientes`
--

DROP TABLE IF EXISTS `clientes`;
/*!40101 SET @saved_cs_client     = @@character_set_client */;
/*!40101 SET character_set_client = utf8 */;
CREATE TABLE `clientes` (
  `ID` int(11) NOT NULL AUTO_INCREMENT,
  `CLIENTE_RUC` varchar(20) DEFAULT NULL,
  `CLIENTE_NOMBRE` varchar(500) DEFAULT NULL,
  `CLIENTE_RAZON_SOCIAL` varchar(500) DEFAULT NULL,
  `CLIENTE_PROVINCIA_ID` varchar(10) DEFAULT NULL,
  `CLIENTE_PROVINCIA_NOMBRE` varchar(50) DEFAULT NULL,
  `CLIENTE_CIUDAD` varchar(50) DEFAULT NULL,
  `CLIENTE_DIRECCION` varchar(200) DEFAULT NULL,
  `CLIENTE_EMAIL` varchar(100) DEFAULT NULL,
  `CLIENTE_TELEFONO` varchar(20) DEFAULT NULL,
  `estado` int(11) DEFAULT 1,
  `creado_por` varchar(20) DEFAULT NULL,
  `fecha_creado` datetime NOT NULL DEFAULT current_timestamp(),
  PRIMARY KEY (`ID`)
) ENGINE=InnoDB AUTO_INCREMENT=7 DEFAULT CHARSET=utf8mb4;
/*!40101 SET character_set_client = @saved_cs_client */;

--
-- Dumping data for table `clientes`
--

LOCK TABLES `clientes` WRITE;
/*!40000 ALTER TABLE `clientes` DISABLE KEYS */;
INSERT INTO `clientes` VALUES (4,'0931531115','CLIENTE 1','asdasd','17','Orellana','Orellana','asdasd','asdasd','asdasd',1,NULL,'2023-09-24 19:47:30'),(5,'0931531116','CLINETE 2','asdasd','15','Morona Santiago','','','','',1,NULL,'2023-09-24 19:58:04'),(6,'0931531117','qwe','qwe','01','Azuay','Cuenca','qwe','qwe','qwe',1,NULL,'2023-10-16 16:34:47');
/*!40000 ALTER TABLE `clientes` ENABLE KEYS */;
UNLOCK TABLES;

--
-- Table structure for table `gui_destinos`
--

DROP TABLE IF EXISTS `gui_destinos`;
/*!40101 SET @saved_cs_client     = @@character_set_client */;
/*!40101 SET character_set_client = utf8 */;
CREATE TABLE `gui_destinos` (
  `ID` int(11) NOT NULL AUTO_INCREMENT,
  `nombre` varchar(100) DEFAULT NULL,
  `CREADO_POR` int(11) DEFAULT NULL,
  `ESTADO` bit(1) DEFAULT b'1',
  PRIMARY KEY (`ID`)
) ENGINE=InnoDB AUTO_INCREMENT=4 DEFAULT CHARSET=utf8mb4;
/*!40101 SET character_set_client = @saved_cs_client */;

--
-- Dumping data for table `gui_destinos`
--

LOCK TABLES `gui_destinos` WRITE;
/*!40000 ALTER TABLE `gui_destinos` DISABLE KEYS */;
INSERT INTO `gui_destinos` VALUES (1,'MATRIZ',NULL,''),(2,'SUCURSAL',NULL,''),(3,'OBRA',NULL,'');
/*!40000 ALTER TABLE `gui_destinos` ENABLE KEYS */;
UNLOCK TABLES;

--
-- Table structure for table `gui_guias_despachadas`
--

DROP TABLE IF EXISTS `gui_guias_despachadas`;
/*!40101 SET @saved_cs_client     = @@character_set_client */;
/*!40101 SET character_set_client = utf8 */;
CREATE TABLE `gui_guias_despachadas` (
  `ID` int(11) NOT NULL AUTO_INCREMENT,
  `PEDIDO_INTERNO` varchar(20) DEFAULT NULL,
  `CLIENTE_ENTREGA_ID` int(11) DEFAULT NULL,
  `SERVICIO_ID` int(11) DEFAULT NULL,
  `DESTINO_ID` int(11) DEFAULT NULL,
  `FECHA_CREADO` datetime NOT NULL DEFAULT current_timestamp(),
  `CREADO_POR` int(11) DEFAULT NULL,
  `PARCIAL` int(11) DEFAULT NULL,
  `PLACA_CAMBIADA` int(11) DEFAULT NULL,
  `PLACA_CAMBIADA_NUMERO` varchar(20) DEFAULT NULL,
  `despacho_ID` varchar(20) DEFAULT NULL,
  `UBICACION` varchar(1000) DEFAULT NULL,
  `imagen` varchar(100) DEFAULT NULL,
  PRIMARY KEY (`ID`)
) ENGINE=InnoDB AUTO_INCREMENT=226 DEFAULT CHARSET=utf8mb4;
/*!40101 SET character_set_client = @saved_cs_client */;

--
-- Dumping data for table `gui_guias_despachadas`
--

LOCK TABLES `gui_guias_despachadas` WRITE;
/*!40000 ALTER TABLE `gui_guias_despachadas` DISABLE KEYS */;
INSERT INTO `gui_guias_despachadas` VALUES (213,'505682540-100',15,1,1,'2023-11-12 11:37:14',8,0,0,'','20231112173714','-2.24423,-79.9071365','505682540-100_20231112173714.jpg'),(214,'505682540-060',17,1,2,'2023-11-12 11:37:41',8,0,0,'','20231112173741','-2.24423,-79.9071365','505682540-060_20231112173741.jpg'),(218,'505682540-080',16,1,1,'2023-11-12 18:35:48',8,1,0,'','20231113003548','-2.2442152,-79.9071374',''),(219,'505682540-080',17,1,1,'2023-11-12 18:36:04',8,0,0,'','20231113003604','-2.2442152,-79.9071374',''),(220,'505667805',15,1,3,'2023-11-12 19:14:24',8,0,0,'','20231113011424','-2.2442274,-79.9071298',''),(221,'505682540-101',15,1,1,'2023-11-12 11:37:14',8,0,0,'','20231112173714','-2.24423,-79.9071365','505682540-100_20231112173714.jpg'),(222,'505682540-061',17,1,2,'2023-11-12 11:37:41',8,0,0,'','20231112173741','-2.24423,-79.9071365','505682540-060_20231112173741.jpg'),(223,'505682540-081',16,1,1,'2023-11-12 18:35:48',8,1,0,'','20231113003548','-2.2442152,-79.9071374',''),(224,'505682540-081',17,1,1,'2023-11-12 18:36:04',8,0,0,'','20231113003604','-2.2442152,-79.9071374',''),(225,'505667801',15,1,3,'2023-11-12 19:14:24',8,0,0,'','20231113011424','-2.2442274,-79.9071298','');
/*!40000 ALTER TABLE `gui_guias_despachadas` ENABLE KEYS */;
UNLOCK TABLES;

--
-- Table structure for table `gui_guias_despachadas_dt`
--

DROP TABLE IF EXISTS `gui_guias_despachadas_dt`;
/*!40101 SET @saved_cs_client     = @@character_set_client */;
/*!40101 SET character_set_client = utf8 */;
CREATE TABLE `gui_guias_despachadas_dt` (
  `ID` int(11) NOT NULL AUTO_INCREMENT,
  `PEDIDO_INTERNO` varchar(20) DEFAULT NULL,
  `CODIGO` varchar(50) DEFAULT NULL,
  `PARCIAL` int(11) DEFAULT NULL,
  `CANTIDAD_PARCIAL` float DEFAULT NULL,
  `despacho_ID` varchar(20) DEFAULT NULL,
  `CANTIDAD_TOTAL` float DEFAULT NULL,
  `NO_ENTREGADA_DESTINO` int(11) DEFAULT NULL,
  PRIMARY KEY (`ID`)
) ENGINE=InnoDB AUTO_INCREMENT=349 DEFAULT CHARSET=utf8mb4;
/*!40101 SET character_set_client = @saved_cs_client */;

--
-- Dumping data for table `gui_guias_despachadas_dt`
--

LOCK TABLES `gui_guias_despachadas_dt` WRITE;
/*!40000 ALTER TABLE `gui_guias_despachadas_dt` DISABLE KEYS */;
INSERT INTO `gui_guias_despachadas_dt` VALUES (334,'505682540-100','10016416',0,0,'20231112173714',360,0),(335,'505682540-060','10016416',0,0,'20231112173741',400,0),(339,'505682540-080','10016416',1,200,'20231113003548',0,0),(340,'505682540-080','10016416',0,0,'20231113003604',200,0),(341,'505667805','91010981',0,0,'20231113011424',320,0),(342,'505667805','91010991',0,0,'20231113011424',40,0),(343,'505667805','91028947',0,0,'20231113011424',2,0),(344,'505667805','91025087',0,0,'20231113011424',30,0),(345,'505667805','91025182',0,0,'20231113011424',10,0),(346,'505667805','91024968',0,0,'20231113011424',10,0),(347,'505667805','91025708',0,0,'20231113011424',20,0),(348,'505667805','91025706',0,0,'20231113011424',10,0);
/*!40000 ALTER TABLE `gui_guias_despachadas_dt` ENABLE KEYS */;
UNLOCK TABLES;

--
-- Table structure for table `gui_guias_despachadas_estado`
--

DROP TABLE IF EXISTS `gui_guias_despachadas_estado`;
/*!40101 SET @saved_cs_client     = @@character_set_client */;
/*!40101 SET character_set_client = utf8 */;
CREATE TABLE `gui_guias_despachadas_estado` (
  `ID` int(11) NOT NULL AUTO_INCREMENT,
  `PEDIDO_INTERNO` varchar(20) DEFAULT NULL,
  `ESTADO_DESPACHO` int(11) DEFAULT NULL,
  `ESTADO_DESPACHO_TEXTO` varchar(20) DEFAULT NULL,
  `FECHA_CREADO` datetime NOT NULL DEFAULT current_timestamp(),
  `CREADO_POR` int(11) DEFAULT NULL,
  `FECHA_COMPLETADO` datetime DEFAULT current_timestamp() ON UPDATE current_timestamp(),
  PRIMARY KEY (`ID`)
) ENGINE=InnoDB AUTO_INCREMENT=505641188 DEFAULT CHARSET=utf8mb4;
/*!40101 SET character_set_client = @saved_cs_client */;

--
-- Dumping data for table `gui_guias_despachadas_estado`
--

LOCK TABLES `gui_guias_despachadas_estado` WRITE;
/*!40000 ALTER TABLE `gui_guias_despachadas_estado` DISABLE KEYS */;
INSERT INTO `gui_guias_despachadas_estado` VALUES (505641177,'505682540-100',0,'COMPLETO','2023-11-10 08:37:14',8,'2023-11-10 08:37:14'),(505641178,'505682540-060',0,'COMPLETO','2023-11-10 16:37:41',8,'2023-11-10 16:37:41'),(505641182,'505682540-080',0,'COMPLETO','2023-10-31 08:35:48',8,'2023-10-31 08:35:48'),(505641183,'505667805',0,'COMPLETO','2023-11-06 08:14:24',8,'2023-11-06 08:14:24'),(505641184,'505682540-101',0,'COMPLETO','2023-11-10 08:37:14',8,'2023-11-13 17:47:32'),(505641185,'505682540-061',0,'COMPLETO','2023-11-10 16:37:41',8,'2023-11-13 17:47:32'),(505641186,'505682540-081',0,'COMPLETO','2023-10-31 08:35:48',8,'2023-11-13 17:47:32'),(505641187,'505667801',0,'COMPLETO','2023-11-06 08:14:24',8,'2023-11-13 17:47:32');
/*!40000 ALTER TABLE `gui_guias_despachadas_estado` ENABLE KEYS */;
UNLOCK TABLES;

--
-- Table structure for table `gui_guias_facturas`
--

DROP TABLE IF EXISTS `gui_guias_facturas`;
/*!40101 SET @saved_cs_client     = @@character_set_client */;
/*!40101 SET character_set_client = utf8 */;
CREATE TABLE `gui_guias_facturas` (
  `ID` int(11) NOT NULL AUTO_INCREMENT,
  `pedido_interno` varchar(20) DEFAULT NULL,
  `factura_fecha` datetime DEFAULT NULL,
  `factura_secuencia` varchar(20) DEFAULT NULL,
  `factura_nombre` varchar(50) DEFAULT NULL,
  `factura_subtotal_0` float DEFAULT NULL,
  `factura_subtotal_12` float DEFAULT NULL,
  `factura_impuesto` float DEFAULT NULL,
  `factura_total` float DEFAULT NULL,
  `factura_nota` varchar(1000) DEFAULT NULL,
  `fatura_estado` int(11) DEFAULT 1,
  `CLIENTE_ID` int(11) DEFAULT NULL,
  `FECHA_CREADO` datetime NOT NULL DEFAULT current_timestamp(),
  `CREADO_POR` varchar(20) DEFAULT NULL,
  PRIMARY KEY (`ID`)
) ENGINE=InnoDB AUTO_INCREMENT=25 DEFAULT CHARSET=utf8mb4;
/*!40101 SET character_set_client = @saved_cs_client */;

--
-- Dumping data for table `gui_guias_facturas`
--

LOCK TABLES `gui_guias_facturas` WRITE;
/*!40000 ALTER TABLE `gui_guias_facturas` DISABLE KEYS */;
INSERT INTO `gui_guias_facturas` VALUES (13,'505637206','2023-11-01 00:00:00','001-001-00046564','PROVEEDOR',0,50,6,56,'asdad',1,17,'2023-11-01 11:28:34','JALVARADO'),(14,'505637206','2023-11-01 00:00:00','001-115-46849','proveedoer',200,0,0,200,'sdfsdf',1,16,'2023-11-01 11:33:14','JALVARADO'),(15,'505637205','2023-11-01 00:00:00','11111111','dasdasd',150,0,0,150,'213123',1,19,'2023-11-01 11:33:29','JALVARADO'),(16,'505637208','2023-11-02 00:00:00','55555555','dasdasd',0,120,14.4,134.4,'98',1,16,'2023-11-01 11:36:45','JALVARADO'),(17,'505637208','2023-11-02 00:00:00','98797','wefw',840,0,0,840,'98wef',1,17,'2023-11-01 11:37:00','JALVARADO'),(18,'505637207','2023-11-01 00:00:00','741111111111','dfsdf',0,200,24,224,'dfg',1,15,'2023-11-01 11:37:59','JALVARADO'),(19,'505639040','2023-11-01 00:00:00','123132','qweqew',70,0,0,70,'1233123',1,17,'2023-11-01 11:40:06','JALVARADO'),(20,'505639040','2023-11-01 00:00:00','22222222','yjhtyj',0,23,2.76,25.76,'',1,19,'2023-11-01 11:40:22','JALVARADO'),(21,'505639288','2023-11-01 00:00:00','22222','234234',12,0,0,12,'234',1,15,'2023-11-01 11:40:42','JALVARADO'),(22,'505639288','2023-11-02 00:00:00','22222222','q2e',0,45,5.4,50.4,'',1,16,'2023-11-01 11:40:53','JALVARADO'),(23,'505637206','2023-11-01 00:00:00','12121111','ghhhhhhhhhh',50,0,0,50,'546984',1,17,'2023-11-01 16:40:14','JALVARADO'),(24,'505637206','2023-11-01 00:00:00','12123123','jghjgh',0,500,60,560,'546984',1,17,'2023-11-01 16:40:36','JALVARADO');
/*!40000 ALTER TABLE `gui_guias_facturas` ENABLE KEYS */;
UNLOCK TABLES;

--
-- Table structure for table `gui_guias_placa`
--

DROP TABLE IF EXISTS `gui_guias_placa`;
/*!40101 SET @saved_cs_client     = @@character_set_client */;
/*!40101 SET character_set_client = utf8 */;
CREATE TABLE `gui_guias_placa` (
  `ID` int(11) NOT NULL AUTO_INCREMENT,
  `pedido_interno` varchar(20) DEFAULT NULL,
  `placa` varchar(20) DEFAULT NULL,
  `FECHA_CREADO` datetime NOT NULL DEFAULT current_timestamp(),
  `FECHA_SALE_PLANTA` datetime DEFAULT NULL,
  `FECHA_TEXTO_ORIGINAL` varchar(100) DEFAULT NULL,
  PRIMARY KEY (`ID`)
) ENGINE=InnoDB AUTO_INCREMENT=211 DEFAULT CHARSET=utf8mb4;
/*!40101 SET character_set_client = @saved_cs_client */;

--
-- Dumping data for table `gui_guias_placa`
--

LOCK TABLES `gui_guias_placa` WRITE;
/*!40000 ALTER TABLE `gui_guias_placa` DISABLE KEYS */;
INSERT INTO `gui_guias_placa` VALUES (100,'505649801-060','GBO-7782','2023-11-02 09:54:00','2023-11-02 09:54:00','JUE-2-11 09:54'),(101,'505649801-090','GBO-4396','2023-11-02 09:36:00','2023-11-02 09:36:00','JUE-2-11 09:36'),(102,'505649801-070','GBO-7782','2023-11-02 05:50:00','2023-11-02 05:50:00','JUE-2-11 05:50'),(103,'505649801-050','GBO-4396','2023-11-01 16:20:00','2023-11-01 16:20:00','MIE-1-11 16:20'),(104,'505641166-090','GBO-4396','2023-11-01 10:38:00','2023-11-01 10:38:00','MIE-1-11 10:38'),(105,'505641166-080','GBO-4396','2023-10-31 20:09:00','2023-10-31 20:09:00','MAR-31-10 20:09'),(106,'505641166-030','GBO-7758','2023-10-31 18:43:00','2023-10-31 18:43:00','MAR-31-10 18:43'),(107,'505641166-040','GBO-7782','2023-10-31 16:32:00','2023-10-31 16:32:00','MAR-31-10 16:32'),(108,'505641166-010','GBO-7758','2023-10-31 15:57:00','2023-10-31 15:57:00','MAR-31-10 15:57'),(109,'505641166-070','GBO-4396','2023-10-31 15:20:00','2023-10-31 15:20:00','MAR-31-10 15:20'),(110,'505641166-060','GBO-7782','2023-10-31 13:37:00','2023-10-31 13:37:00','MAR-31-10 13:37'),(111,'505641166-020','GBO-7758','2023-10-31 10:55:00','2023-10-31 10:55:00','MAR-31-10 10:55'),(112,'505637205','GBO-4396','2023-10-31 10:19:00','2023-10-31 10:19:00','MAR-31-10 10:19'),(113,'505639288','GBN-6978','2023-10-31 07:11:00','2023-10-31 07:11:00','MAR-31-10 07:11'),(114,'505641166-050','GBO-7782','2023-10-31 09:45:00','2023-10-31 09:45:00','MAR-31-10 09:45'),(115,'505638220','GSY-4052','2023-10-31 08:44:00','2023-10-31 08:44:00','MAR-31-10 08:44'),(116,'505639349','GBO-7758','2023-10-31 06:42:00','2023-10-31 06:42:00','MAR-31-10 06:42'),(117,'505639040','GSY-4052','2023-10-31 06:45:00','2023-10-31 06:45:00','MAR-31-10 06:45'),(118,'505637206','GBO-4396','2023-11-01 06:40:00','2023-11-01 06:40:00','MAR-31-10 06:40'),(119,'505637208','GBO-7782','2023-10-31 04:52:00','2023-10-31 04:52:00','MAR-31-10 04:52'),(120,'505629516','GBO-7758','2023-10-30 20:36:00','2023-10-30 20:36:00','LUN-30-10 20:36'),(121,'505637207','GBO-7782','2023-10-31 20:25:00','2023-10-31 20:25:00','LUN-30-10 20:25'),(122,'505628695','GBO-4396','2023-10-30 18:50:00','2023-10-30 18:50:00','LUN-30-10 18:50'),(123,'505615954','GBO-7782','2023-10-30 17:01:00','2023-10-30 17:01:00','LUN-30-10 17:01'),(124,'505629515','GBO-7758','2023-10-30 17:05:00','2023-10-30 17:05:00','LUN-30-10 17:05'),(125,'505628694','GBO-4396','2023-10-30 15:28:00','2023-10-30 15:28:00','LUN-30-10 15:28'),(126,'505628699','GBO-7782','2023-10-30 12:26:00','2023-10-30 12:26:00','LUN-30-10 12:26'),(127,'505628693','GBO-4396','2023-10-30 11:45:00','2023-10-30 11:45:00','LUN-30-10 11:45'),(128,'505629514','GBO-7758','2023-10-30 09:32:00','2023-10-30 09:32:00','LUN-30-10 09:32'),(129,'505616072','GBO-7758','2023-10-30 06:55:00','2023-10-30 06:55:00','LUN-30-10 06:55'),(130,'505628698','GBO-7782','2023-10-30 06:38:00','2023-10-30 06:38:00','LUN-30-10 06:38'),(131,'505631234','KAB-0938','2023-10-30 03:31:00','2023-10-30 03:31:00','LUN-30-10 03:31'),(132,'505631233','JBA-2916','2023-10-30 03:21:00','2023-10-30 03:21:00','LUN-30-10 03:21'),(133,'505615955','GBO-7782','2023-10-28 12:42:00','2023-10-28 12:42:00','SAB-28-10 12:42'),(134,'505628697','GBO-4396','2023-10-28 10:06:00','2023-10-28 10:06:00','SAB-28-10 10:06'),(135,'505616262','GBO-7782','2023-10-28 07:06:00','2023-10-28 07:06:00','SAB-28-10 07:06'),(136,'505615950','GBO-4396','2023-10-28 06:45:00','2023-10-28 06:45:00','SAB-28-10 06:45'),(137,'505616070','GBO-7758','2023-10-28 06:02:00','2023-10-28 06:02:00','SAB-28-10 06:02'),(138,'505616069','GBO-7758','2023-10-27 13:42:00','2023-10-27 13:42:00','VIE-27-10 13:42'),(139,'505615949','GBO-4396','2023-10-27 13:00:00','2023-10-27 13:00:00','VIE-27-10 13:00'),(140,'505616263','GBO-7782','2023-10-27 09:59:00','2023-10-27 09:59:00','VIE-27-10 09:59'),(141,'505616264','GBO-7782','2023-10-27 06:20:00','2023-10-27 06:20:00','VIE-27-10 06:20'),(142,'505616068','GBO-7758','2023-10-27 06:37:00','2023-10-27 06:37:00','VIE-27-10 06:37'),(143,'505615948','GBO-4396','2023-10-26 15:42:00','2023-10-26 15:42:00','JUE-26-10 15:42'),(144,'505610388','GBO-7782','2023-10-26 13:36:00','2023-10-26 13:36:00','JUE-26-10 13:36'),(145,'505615953','GBO-4396','2023-10-26 13:16:00','2023-10-26 13:16:00','JUE-26-10 13:16'),(146,'505616071','GBO-7758','2023-10-26 12:40:00','2023-10-26 12:40:00','JUE-26-10 12:40'),(147,'505615952','GBO-4396','2023-10-26 10:33:00','2023-10-26 10:33:00','JUE-26-10 10:33'),(148,'505610387','GBO-7782','2023-10-26 10:20:00','2023-10-26 10:20:00','JUE-26-10 10:20'),(149,'505610823','GBO-7758','2023-10-26 06:00:00','2023-10-26 06:00:00','JUE-26-10 06:00'),(150,'505605662','GBO-4396','2023-10-26 05:50:00','2023-10-26 05:50:00','JUE-26-10 05:50'),(151,'505610384','GBO-7782','2023-10-26 05:41:00','2023-10-26 05:41:00','JUE-26-10 05:41'),(152,'505605661','GBO-4396','2023-10-25 16:31:00','2023-10-25 16:31:00','MIE-25-10 16:31'),(153,'505610385','GBO-7782','2023-10-25 15:30:00','2023-10-25 15:30:00','MIE-25-10 15:30'),(154,'505610822','GBO-7758','2023-10-25 14:46:00','2023-10-25 14:46:00','MIE-25-10 14:46'),(155,'505605660','GBO-4396','2023-10-25 10:08:00','2023-10-25 10:08:00','MIE-25-10 10:08'),(156,'505596195-120','GBO-7758','2023-10-25 10:08:00','2023-10-25 10:08:00','MIE-25-10 10:08'),(157,'505605664','GBO-7782','2023-10-25 09:40:00','2023-10-25 09:40:00','MIE-25-10 09:40'),(158,'505596195-110','GBO-7758','2023-10-25 06:49:00','2023-10-25 06:49:00','MIE-25-10 06:49'),(159,'505585858','GBO-4396','2023-10-25 05:34:00','2023-10-25 05:34:00','MIE-25-10 05:34'),(160,'505605663','GBO-7782','2023-10-25 05:24:00','2023-10-25 05:24:00','MIE-25-10 05:24'),(161,'505695266','GBO-7782','2023-11-11 20:04:42','2023-11-11 17:27:00','SAB-11-11 17:27'),(162,'505695873','GBO-5801','2023-11-11 20:04:42','2023-11-11 15:52:00','SAB-11-11 15:52'),(163,'505695268','GBO-7782','2023-11-11 20:04:42','2023-11-11 14:54:00','SAB-11-11 14:54'),(164,'505695265','GBO-4396','2023-11-11 20:04:42','2023-11-11 14:46:00','SAB-11-11 14:46'),(165,'505694766','GBO-5801','2023-11-11 20:04:42','2023-11-11 13:52:00','SAB-11-11 13:52'),(166,'505694767','GBO-5801','2023-11-11 20:04:42','2023-11-11 12:07:00','SAB-11-11 12:07'),(167,'505682540-030','GBO-4396','2023-11-11 20:04:42','2023-11-11 11:18:00','SAB-11-11 11:18'),(168,'505682540-020','GBO-4396','2023-11-11 20:04:42','2023-11-11 07:48:00','SAB-11-11 07:48'),(169,'505692866','GBO-7758','2023-11-11 20:04:42','2023-11-11 06:31:00','SAB-11-11 06:31'),(170,'505691868','GSY-4052','2023-11-11 20:04:42','2023-11-11 06:31:00','SAB-11-11 06:31'),(171,'505682540-050','GBO-7782','2023-11-11 20:04:42','2023-11-11 05:49:00','SAB-11-11 05:49'),(172,'505682540-120','GBO-7758','2023-11-11 20:04:42','2023-11-10 15:01:00','VIE-10-11 15:01'),(173,'505682540-060','GBO-7782','2023-11-10 14:46:00','2023-11-10 14:46:00','VIE-10-11 14:46'),(174,'505682540-010','GBO-4396','2023-11-11 20:04:42','2023-11-10 12:14:00','VIE-10-11 12:14'),(175,'505682540-110','GBO-4396','2023-11-11 20:04:42','2023-11-10 11:07:00','VIE-10-11 11:07'),(176,'505682540-070','GBO-7782','2023-11-11 20:04:42','2023-11-10 10:53:00','VIE-10-11 10:53'),(177,'505685219','GBO-5801','2023-11-11 20:04:42','2023-11-10 06:20:00','VIE-10-11 06:20'),(178,'505682540-100','GBO-7782','2023-11-10 05:58:00','2023-11-10 05:58:00','VIE-10-11 05:58'),(179,'505682540-080','GBO-7782','2023-10-31 05:47:00','2023-10-31 05:47:00','VIE-10-11 05:47'),(180,'505682540-090','GBO-7758','2023-11-09 17:15:00','2023-11-09 17:15:00','JUE-9-11 17:15'),(181,'505682540-040','GBO-7782','2023-11-11 20:04:42','2023-11-09 16:13:00','JUE-9-11 16:13'),(182,'505679050','GBO-7782','2023-11-11 20:04:42','2023-11-09 15:19:00','JUE-9-11 15:19'),(183,'505682533','GBO-7758','2023-11-11 20:04:42','2023-11-09 13:51:00','JUE-9-11 13:51'),(184,'505679048','GBO-7782','2023-11-11 20:04:42','2023-11-09 12:30:00','JUE-9-11 12:30'),(185,'505674808','GBO-7758','2023-11-11 20:04:42','2023-11-09 10:47:00','JUE-9-11 10:47'),(186,'505679052','GBO-4396','2023-11-11 20:04:42','2023-11-09 10:33:00','JUE-9-11 10:33'),(187,'505674964','GBO-5801','2023-11-11 20:04:42','2023-11-09 09:43:00','JUE-9-11 09:43'),(188,'505679155','GBO-7758','2023-11-11 20:04:42','2023-11-09 05:50:00','JUE-9-11 05:50'),(189,'505679049','GBO-7782','2023-11-11 20:04:42','2023-11-09 05:26:00','JUE-9-11 05:26'),(190,'505679051','GBO-4396','2023-11-11 20:04:42','2023-11-09 04:56:00','JUE-9-11 04:56'),(191,'505674963','GBO-5801','2023-11-11 20:04:42','2023-11-08 13:28:00','MIE-8-11 13:28'),(192,'505674807','GBO-7758','2023-11-11 20:04:42','2023-11-08 09:20:00','MIE-8-11 09:20'),(193,'505673643','GBO-7758','2023-11-11 20:04:42','2023-11-08 06:06:00','MIE-8-11 06:06'),(194,'505669815','GBO-7758','2023-11-11 20:04:42','2023-11-07 15:05:00','MAR-7-11 15:05'),(195,'505670504','GBO-7782','2023-11-11 20:04:42','2023-11-07 13:18:00','MAR-7-11 13:18'),(196,'505670631','GSY-4052','2023-11-11 20:04:42','2023-11-07 13:16:00','MAR-7-11 13:16'),(197,'505669814','GBO-7758','2023-11-11 20:04:42','2023-11-07 10:54:00','MAR-7-11 10:54'),(198,'505665182','GBO-7782','2023-11-11 20:04:42','2023-11-07 10:24:00','MAR-7-11 10:24'),(199,'505649801-040','GBO-7758','2023-11-11 20:04:42','2023-11-07 06:21:00','MAR-7-11 06:21'),(200,'505649801-080','GBO-7782','2023-11-11 20:04:42','2023-11-06 18:19:00','LUN-6-11 18:19'),(201,'505649801-020','GBO-7758','2023-11-11 20:04:42','2023-11-06 17:45:00','LUN-6-11 17:45'),(202,'505650851','GBN-5296','2023-11-11 20:04:42','2023-11-06 14:44:00','LUN-6-11 14:44'),(203,'505665181','GBO-4396','2023-11-11 20:04:42','2023-11-06 14:23:00','LUN-6-11 14:23'),(204,'505649801-010','GBO-4396','2023-11-11 20:04:42','2023-11-06 13:37:00','LUN-6-11 13:37'),(205,'505653213','GBO-5801','2023-11-11 20:04:42','2023-11-06 09:10:00','LUN-6-11 09:10'),(206,'505663722','GSY-4052','2023-11-11 20:04:42','2023-11-06 08:49:00','LUN-6-11 08:49'),(207,'505649801-030','GBO-7782','2023-11-11 20:04:42','2023-11-06 08:38:00','LUN-6-11 08:38'),(208,'505649965','GBO-7758','2023-11-11 20:04:43','2023-11-06 07:52:00','LUN-6-11 07:52'),(209,'505649801-100','GBO-4396','2023-11-11 20:04:43','2023-11-06 06:50:00','LUN-6-11 06:50'),(210,'505667805','GBO-7782','2023-11-06 06:50:00','2023-11-06 06:50:00','LUN-6-11 06:50');
/*!40000 ALTER TABLE `gui_guias_placa` ENABLE KEYS */;
UNLOCK TABLES;

--
-- Table structure for table `gui_servicios`
--

DROP TABLE IF EXISTS `gui_servicios`;
/*!40101 SET @saved_cs_client     = @@character_set_client */;
/*!40101 SET character_set_client = utf8 */;
CREATE TABLE `gui_servicios` (
  `ID` int(11) NOT NULL AUTO_INCREMENT,
  `nombre` varchar(50) DEFAULT NULL,
  `descripcion` varchar(500) DEFAULT NULL,
  `fecha_creado` datetime NOT NULL DEFAULT current_timestamp(),
  `estado` bit(1) DEFAULT b'1',
  PRIMARY KEY (`ID`)
) ENGINE=InnoDB AUTO_INCREMENT=3 DEFAULT CHARSET=utf8mb4;
/*!40101 SET character_set_client = @saved_cs_client */;

--
-- Dumping data for table `gui_servicios`
--

LOCK TABLES `gui_servicios` WRITE;
/*!40000 ALTER TABLE `gui_servicios` DISABLE KEYS */;
INSERT INTO `gui_servicios` VALUES (1,'CARGA',NULL,'2023-10-01 21:24:27',''),(2,'FLETE',NULL,'2023-10-01 21:24:33','');
/*!40000 ALTER TABLE `gui_servicios` ENABLE KEYS */;
UNLOCK TABLES;

--
-- Table structure for table `guias`
--

DROP TABLE IF EXISTS `guias`;
/*!40101 SET @saved_cs_client     = @@character_set_client */;
/*!40101 SET character_set_client = utf8 */;
CREATE TABLE `guias` (
  `ID` int(11) NOT NULL AUTO_INCREMENT,
  `FECHA_DE_EMISION` varchar(20) DEFAULT NULL,
  `FACTURA` varchar(50) DEFAULT NULL,
  `TELEFONO` varchar(50) DEFAULT NULL,
  `FECHA_VALIDEZ` varchar(20) DEFAULT NULL,
  `CLIENTE` varchar(20) DEFAULT NULL,
  `CLIENTE_RUC` varchar(20) DEFAULT NULL,
  `SOLICITANTE` varchar(100) DEFAULT NULL,
  `DIRECCION_1` varchar(20) DEFAULT NULL,
  `PTO_DE_PARTIDA` varchar(200) DEFAULT NULL,
  `PTO_DE_LLEGADA` varchar(200) DEFAULT NULL,
  `DIRECCION_2` varchar(200) DEFAULT NULL,
  `TIPO_DE_ENTREGA` varchar(200) DEFAULT NULL,
  `PEDIDO_INTERNO` varchar(50) DEFAULT NULL,
  `PED_COMPRA` varchar(100) DEFAULT NULL,
  PRIMARY KEY (`ID`)
) ENGINE=InnoDB AUTO_INCREMENT=774 DEFAULT CHARSET=utf8mb4;
/*!40101 SET character_set_client = @saved_cs_client */;

--
-- Dumping data for table `guias`
--

LOCK TABLES `guias` WRITE;
/*!40000 ALTER TABLE `guias` DISABLE KEYS */;
INSERT INTO `guias` VALUES (717,'11.11.2023','019-005-001169980','4-2465649','01.12.2023','6133582 - SALVACERO ','0992681845001','SALVACERO CIA. LTDA.','VENEZUELA #3804 ENTR','EC CEM GUAYAQUIL','GUAYAS - GUAYAQUIL','VENEZUELA #3804 ENTRE LA 12 Y  CALLE','RETIRADO','505695873','4583115306'),(718,'11.11.2023','019-005-001169967','4-2465649','01.12.2023','6133582 - SALVACERO ','0992681845001','SALVACERO CIA. LTDA.','VENEZUELA #3804 ENTR','EC CEM GUAYAQUIL','GUAYAS - GUAYAQUIL','VENEZUELA #3804 ENTRE LA 12 Y  CALLE','RETIRADO','505695444','4583115293'),(719,'11.11.2023','019-005-001169957','4-2465649','01.12.2023','6133582 - SALVACERO ','0992681845001','SALVACERO CIA. LTDA.','VENEZUELA #3804 ENTR','EC CEM GUAYAQUIL','GUAYAS - GUAYAQUIL','VENEZUELA #3804 ENTRE LA 12 Y  CALLE','RETIRADO','505695443','4583115281'),(720,'11.11.2023','019-005-001169971','4-2465649','01.12.2023','6133582 - SALVACERO ','0992681845001','SALVACERO CIA. LTDA.','VENEZUELA #3804 ENTR','EC CEM GUAYAQUIL','GUAYAS - GUAYAQUIL','VENEZUELA #3804 ENTRE LA 12 Y  CALLE','RETIRADO','505695272','4583115297'),(721,'11.11.2023','019-005-001169970','4-2465649','01.12.2023','6133582 - SALVACERO ','0992681845001','SALVACERO CIA. LTDA.','VENEZUELA #3804 ENTR','EC CEM GUAYAQUIL','GUAYAS - GUAYAQUIL','VENEZUELA #3804 ENTRE LA 12 Y  CALLE','RETIRADO','505695271','4583115296'),(722,'11.11.2023','019-005-001169969','4-2465649','01.12.2023','6133582 - SALVACERO ','0992681845001','SALVACERO CIA. LTDA.','VENEZUELA #3804 ENTR','EC CEM GUAYAQUIL','GUAYAS - GUAYAQUIL','VENEZUELA #3804 ENTRE LA 12 Y  CALLE','RETIRADO','505695270','4583115295'),(723,'11.11.2023','019-005-001169968','4-2465649','01.12.2023','6133582 - SALVACERO ','0992681845001','SALVACERO CIA. LTDA.','VENEZUELA #3804 ENTR','EC CEM GUAYAQUIL','GUAYAS - GUAYAQUIL','VENEZUELA #3804 ENTRE LA 12 Y  CALLE','RETIRADO','505695269','4583115294'),(724,'11.11.2023','019-005-001169948','4-2465649','01.12.2023','6133582 - SALVACERO ','0992681845001','SALVACERO CIA. LTDA.','VENEZUELA #3804 ENTR','EC CEM GUAYAQUIL','GUAYAS - GUAYAQUIL','VENEZUELA #3804 ENTRE LA 12 Y  CALLE','RETIRADO','505695268','4583115272'),(725,'11.11.2023','019-005-001169945','4-2465649','01.12.2023','6133582 - SALVACERO ','0992681845001','SALVACERO CIA. LTDA.','VENEZUELA #3804 ENTR','EC CEM GUAYAQUIL','GUAYAS - GUAYAQUIL','VENEZUELA #3804 ENTRE LA 12 Y  CALLE','RETIRADO','505695267','4583115269'),(726,'11.11.2023','019-005-001169944','4-2465649','01.12.2023','6133582 - SALVACERO ','0992681845001','SALVACERO CIA. LTDA.','VENEZUELA #3804 ENTR','EC CEM GUAYAQUIL','GUAYAS - GUAYAQUIL','VENEZUELA #3804 ENTRE LA 12 Y  CALLE','RETIRADO','505695266','4583115268'),(727,'11.11.2023','019-005-001169942','4-2465649','01.12.2023','6133582 - SALVACERO ','0992681845001','SALVACERO CIA. LTDA.','VENEZUELA #3804 ENTR','EC CEM GUAYAQUIL','GUAYAS - GUAYAQUIL','VENEZUELA #3804 ENTRE LA 12 Y  CALLE','RETIRADO','505695265','4583115266'),(728,'11.11.2023','019-005-001169941','4-2465649','01.12.2023','6133582 - SALVACERO ','0992681845001','SALVACERO CIA. LTDA.','VENEZUELA #3804 ENTR','EC CEM GUAYAQUIL','GUAYAS - GUAYAQUIL','VENEZUELA #3804 ENTRE LA 12 Y  CALLE','RETIRADO','505695264','4583115265'),(729,'11.11.2023','019-005-001169930','4-2465649','01.12.2023','6133582 - SALVACERO ','0992681845001','SALVACERO CIA. LTDA.','VENEZUELA #3804 ENTR','EC CEM GUAYAQUIL','GUAYAS - GUAYAQUIL','VENEZUELA #3804 ENTRE LA 12 Y  CALLE','RETIRADO','505694767','4583115253'),(730,'10.11.2023','019-005-001169888','4-2465649','30.11.2023','6133582 - SALVACERO ','0992681845001','SALVACERO CIA. LTDA.','VENEZUELA #3804 ENTR','EC CEM GUAYAQUIL','GUAYAS - GUAYAQUIL','VENEZUELA #3804 ENTRE LA 12 Y  CALLE','RETIRADO','505692866','4583115194'),(731,'10.11.2023','019-005-001169880','4-2465649','30.11.2023','6133582 - SALVACERO ','0992681845001','SALVACERO CIA. LTDA.','VENEZUELA #3804 ENTR','EC CEM GUAYAQUIL','GUAYAS - GUAYAQUIL','VENEZUELA #3804 ENTRE LA 12 Y  CALLE','RETIRADO','505691868','4583115185'),(732,'09.11.2023','019-005-001168980','4-2465649','29.11.2023','6133582 - SALVACERO ','0992681845001','SALVACERO CIA. LTDA.','VENEZUELA #3804 ENTR','EC CEM GUAYAQUIL','GUAYAS - GUAYAQUIL','VENEZUELA #3804 ENTRE LA 12 Y  CALLE','RETIRADO','505685219','4583114636'),(733,'09.11.2023','019-005-001168765','4-2465649','29.11.2023','6133582 - SALVACERO ','0992681845001','SALVACERO CIA. LTDA.','VENEZUELA #3804 ENTR','EC CEM GUAYAQUIL','GUAYAS - GUAYAQUIL','VENEZUELA #3804 ENTRE LA 12 Y  CALLE','RETIRADO','505682533','4583114381'),(734,'08.11.2023','019-005-001168572','4-2465649','28.11.2023','6133582 - SALVACERO ','0992681845001','SALVACERO CIA. LTDA.','VENEZUELA #3804 ENTR','EC CEM GUAYAQUIL','GUAYAS - GUAYAQUIL','VENEZUELA #3804 ENTRE LA 12 Y  CALLE','RETIRADO','505679155','4583114134'),(735,'08.11.2023','019-005-001168561','4-2465649','28.11.2023','6133582 - SALVACERO ','0992681845001','SALVACERO CIA. LTDA.','VENEZUELA #3804 ENTR','EC CEM GUAYAQUIL','GUAYAS - GUAYAQUIL','VENEZUELA #3804 ENTRE LA 12 Y  CALLE','RETIRADO','505679052','4583114122'),(736,'08.11.2023','019-005-001168563','4-2465649','28.11.2023','6133582 - SALVACERO ','0992681845001','SALVACERO CIA. LTDA.','VENEZUELA #3804 ENTR','EC CEM GUAYAQUIL','GUAYAS - GUAYAQUIL','VENEZUELA #3804 ENTRE LA 12 Y  CALLE','RETIRADO','505679051','4583114124'),(737,'08.11.2023','019-005-001168566','4-2465649','28.11.2023','6133582 - SALVACERO ','0992681845001','SALVACERO CIA. LTDA.','VENEZUELA #3804 ENTR','EC CEM GUAYAQUIL','GUAYAS - GUAYAQUIL','VENEZUELA #3804 ENTRE LA 12 Y  CALLE','RETIRADO','505679050','4583114127'),(738,'08.11.2023','019-005-001168567','4-2465649','28.11.2023','6133582 - SALVACERO ','0992681845001','SALVACERO CIA. LTDA.','VENEZUELA #3804 ENTR','EC CEM GUAYAQUIL','GUAYAS - GUAYAQUIL','VENEZUELA #3804 ENTRE LA 12 Y  CALLE','RETIRADO','505679049','4583114128'),(739,'08.11.2023','019-005-001168568','4-2465649','28.11.2023','6133582 - SALVACERO ','0992681845001','SALVACERO CIA. LTDA.','VENEZUELA #3804 ENTR','EC CEM GUAYAQUIL','GUAYAS - GUAYAQUIL','VENEZUELA #3804 ENTRE LA 12 Y  CALLE','RETIRADO','505679048','4583114130'),(740,'08.11.2023','019-005-001168227','4-2465649','28.11.2023','6133582 - SALVACERO ','0992681845001','SALVACERO CIA. LTDA.','VENEZUELA #3804 ENTR','EC CEM GUAYAQUIL','GUAYAS - GUAYAQUIL','VENEZUELA #3804 ENTRE LA 12 Y  CALLE','RETIRADO','505674964','4583113731'),(741,'08.11.2023','019-005-001168228','4-2465649','28.11.2023','6133582 - SALVACERO ','0992681845001','SALVACERO CIA. LTDA.','VENEZUELA #3804 ENTR','EC CEM GUAYAQUIL','GUAYAS - GUAYAQUIL','VENEZUELA #3804 ENTRE LA 12 Y  CALLE','RETIRADO','505674963','4583113732'),(742,'08.11.2023','019-005-001168214','4-2465649','28.11.2023','6133582 - SALVACERO ','0992681845001','SALVACERO CIA. LTDA.','VENEZUELA #3804 ENTR','EC CEM GUAYAQUIL','GUAYAS - GUAYAQUIL','VENEZUELA #3804 ENTRE LA 12 Y  CALLE','RETIRADO','505674808','4583113717'),(743,'08.11.2023','019-005-001168213','4-2465649','28.11.2023','6133582 - SALVACERO ','0992681845001','SALVACERO CIA. LTDA.','VENEZUELA #3804 ENTR','EC CEM GUAYAQUIL','GUAYAS - GUAYAQUIL','VENEZUELA #3804 ENTRE LA 12 Y  CALLE','RETIRADO','505674807','4583113716'),(744,'07.11.2023','019-005-001168158','4-2465649','27.11.2023','6133582 - SALVACERO ','0992681845001','SALVACERO CIA. LTDA.','VENEZUELA #3804 ENTR','EC CEM GUAYAQUIL','GUAYAS - GUAYAQUIL','VENEZUELA #3804 ENTRE LA 12 Y  CALLE','RETIRADO','505673643','4583113644'),(745,'07.11.2023','019-005-001167867','4-2465649','27.11.2023','6133582 - SALVACERO ','0992681845001','SALVACERO CIA. LTDA.','VENEZUELA #3804 ENTR','EC CEM GUAYAQUIL','GUAYAS - GUAYAQUIL','VENEZUELA #3804 ENTRE LA 12 Y  CALLE','RETIRADO','505670631','4583113284'),(746,'07.11.2023','019-005-001167792','4-2465649','27.11.2023','6133582 - SALVACERO ','0992681845001','SALVACERO CIA. LTDA.','VENEZUELA #3804 ENTR','EC CEM GUAYAQUIL','GUAYAS - GUAYAQUIL','VENEZUELA #3804 ENTRE LA 12 Y  CALLE','RETIRADO','505669815','4583113191'),(747,'07.11.2023','019-005-001167791','4-2465649','27.11.2023','6133582 - SALVACERO ','0992681845001','SALVACERO CIA. LTDA.','VENEZUELA #3804 ENTR','EC CEM GUAYAQUIL','GUAYAS - GUAYAQUIL','VENEZUELA #3804 ENTRE LA 12 Y  CALLE','RETIRADO','505669814','4583113190'),(748,'07.11.2023','019-005-001167852','4-2465649','27.11.2023','6133582 - SALVACERO ','0992681845001','SALVACERO CIA. LTDA.','VENEZUELA #3804 ENTR','EC CEM GUAYAQUIL','GUAYAS - GUAYAQUIL','VENEZUELA #3804 ENTRE LA 12 Y  CALLE','RETIRADO','505670504','4583113264'),(749,'06.11.2023','019-005-001167408','4-2465649','26.11.2023','6133582 - SALVACERO ','0992681845001','SALVACERO CIA. LTDA.','VENEZUELA #3804 ENTR','SUMINISTRADOR INTACO','GUAYAS - GUAYAQUIL','VENEZUELA #3804 ENTRE LA 12 Y  CALLE','RETIRADO','505666024','4583112787'),(750,'06.11.2023','019-005-001167632','4-2465649','26.11.2023','6133582 - SALVACERO ','0992681845001','SALVACERO CIA. LTDA.','VENEZUELA #3804 ENTR','SUMINISTRADOR INTACO','GUAYAS - GUAYAQUIL','VENEZUELA #3804 ENTRE LA 12 Y  CALLE','RETIRADO','505667805','4583113007'),(751,'06.11.2023','019-005-001167351','4-2465649','26.11.2023','6133582 - SALVACERO ','0992681845001','SALVACERO CIA. LTDA.','VENEZUELA #3804 ENTR','EC CEM GUAYAQUIL','GUAYAS - GUAYAQUIL','VENEZUELA #3804 ENTRE LA 12 Y  CALLE','RETIRADO','505665182','4583112727'),(752,'06.11.2023','019-005-001167346','4-2465649','26.11.2023','6133582 - SALVACERO ','0992681845001','SALVACERO CIA. LTDA.','VENEZUELA #3804 ENTR','EC CEM GUAYAQUIL','GUAYAS - GUAYAQUIL','VENEZUELA #3804 ENTRE LA 12 Y  CALLE','RETIRADO','505665181','4583112720'),(753,'11.11.2023','019-005-001169939','4-2465649','01.12.2023','6133582 - SALVACERO ','0992681845001','SALVACERO CIA. LTDA.','VENEZUELA #3804 ENTR','EC CEM GUAYAQUIL','GUAYAS - GUAYAQUIL','VENEZUELA #3804 ENTRE LA 12 Y  CALLE','RETIRADO','505695263','4583115263'),(754,'06.11.2023','019-005-001167208','4-2465649','26.11.2023','6133582 - SALVACERO ','0992681845001','SALVACERO CIA. LTDA.','VENEZUELA #3804 ENTR','EC CEM GUAYAQUIL','GUAYAS - GUAYAQUIL','VENEZUELA #3804 ENTRE LA 12 Y  CALLE','RETIRADO','505663722','4583112560'),(755,'07.11.2023','019005-001168080','4-2465649','27.11.2023','6133582 - SALVACERO ','0992681845001','SALVACERO CIA. LTDA.','VENEZUELA #3804 ENTR','','GUAYAS - GUAYAQUIL','VENEZUELA #3804 ENTRE LA 12 Y  CALLE','ENTREGADO','505672814-020','andec'),(756,'07.11.2023','019005-001168080','4-2465649','27.11.2023','6133582 - SALVACERO ','0992681845001','SALVACERO CIA. LTDA.','VENEZUELA #3804 ENTR','','GUAYAS - GUAYAQUIL','VENEZUELA #3804 ENTRE LA 12 Y  CALLE','ENTREGADO','505672814-010','andec'),(757,'09.11.2023','019005-001168761','4-2465649','29.11.2023','6133582 - SALVACERO ','0992681845001','SALVACERO CIA. LTDA.','VENEZUELA #3804 ENTR','EC CEM GUAYAQUIL','GUAYAS - GUAYAQUIL','VENEZUELA #3804 ENTRE LA 12 Y  CALLE','RETIRADO','505682540-120','cemento'),(758,'09.11.2023','019005-001168761','4-2465649','29.11.2023','6133582 - SALVACERO ','0992681845001','SALVACERO CIA. LTDA.','VENEZUELA #3804 ENTR','EC CEM GUAYAQUIL','GUAYAS - GUAYAQUIL','VENEZUELA #3804 ENTRE LA 12 Y  CALLE','RETIRADO','505682540-020','cemento'),(759,'09.11.2023','019005-001168761','4-2465649','29.11.2023','6133582 - SALVACERO ','0992681845001','SALVACERO CIA. LTDA.','VENEZUELA #3804 ENTR','EC CEM GUAYAQUIL','GUAYAS - GUAYAQUIL','VENEZUELA #3804 ENTRE LA 12 Y  CALLE','RETIRADO','505682540-070','cemento'),(760,'09.11.2023','019005-001168761','4-2465649','29.11.2023','6133582 - SALVACERO ','0992681845001','SALVACERO CIA. LTDA.','VENEZUELA #3804 ENTR','EC CEM GUAYAQUIL','GUAYAS - GUAYAQUIL','VENEZUELA #3804 ENTRE LA 12 Y  CALLE','RETIRADO','505682540-010','cemento'),(761,'09.11.2023','019005-001168761','4-2465649','29.11.2023','6133582 - SALVACERO ','0992681845001','SALVACERO CIA. LTDA.','VENEZUELA #3804 ENTR','EC CEM GUAYAQUIL','GUAYAS - GUAYAQUIL','VENEZUELA #3804 ENTRE LA 12 Y  CALLE','RETIRADO','505682540-110','cemento'),(762,'09.11.2023','019005-001168761','4-2465649','29.11.2023','6133582 - SALVACERO ','0992681845001','SALVACERO CIA. LTDA.','VENEZUELA #3804 ENTR','EC CEM GUAYAQUIL','GUAYAS - GUAYAQUIL','VENEZUELA #3804 ENTRE LA 12 Y  CALLE','RETIRADO','505682540-100','cemento'),(763,'09.11.2023','019005-001168761','4-2465649','29.11.2023','6133582 - SALVACERO ','0992681845001','SALVACERO CIA. LTDA.','VENEZUELA #3804 ENTR','EC CEM GUAYAQUIL','GUAYAS - GUAYAQUIL','VENEZUELA #3804 ENTRE LA 12 Y  CALLE','RETIRADO','505682540-090','cemento'),(764,'09.11.2023','019005-001168761','4-2465649','29.11.2023','6133582 - SALVACERO ','0992681845001','SALVACERO CIA. LTDA.','VENEZUELA #3804 ENTR','EC CEM GUAYAQUIL','GUAYAS - GUAYAQUIL','VENEZUELA #3804 ENTRE LA 12 Y  CALLE','RETIRADO','505682540-080','cemento'),(765,'09.11.2023','019005-001168761','4-2465649','29.11.2023','6133582 - SALVACERO ','0992681845001','SALVACERO CIA. LTDA.','VENEZUELA #3804 ENTR','EC CEM GUAYAQUIL','GUAYAS - GUAYAQUIL','VENEZUELA #3804 ENTRE LA 12 Y  CALLE','RETIRADO','505682540-060','cemento'),(766,'09.11.2023','019005-001168761','4-2465649','29.11.2023','6133582 - SALVACERO ','0992681845001','SALVACERO CIA. LTDA.','VENEZUELA #3804 ENTR','EC CEM GUAYAQUIL','GUAYAS - GUAYAQUIL','VENEZUELA #3804 ENTRE LA 12 Y  CALLE','RETIRADO','505682540-050','cemento'),(767,'09.11.2023','019005-001168761','4-2465649','29.11.2023','6133582 - SALVACERO ','0992681845001','SALVACERO CIA. LTDA.','VENEZUELA #3804 ENTR','EC CEM GUAYAQUIL','GUAYAS - GUAYAQUIL','VENEZUELA #3804 ENTRE LA 12 Y  CALLE','RETIRADO','505682540-040','cemento'),(768,'09.11.2023','019005-001168761','4-2465649','29.11.2023','6133582 - SALVACERO ','0992681845001','SALVACERO CIA. LTDA.','VENEZUELA #3804 ENTR','EC CEM GUAYAQUIL','GUAYAS - GUAYAQUIL','VENEZUELA #3804 ENTRE LA 12 Y  CALLE','RETIRADO','505682540-030','cemento'),(769,'09.11.2023','019005-001168983','4-2465649','29.11.2023','6133582 - SALVACERO ','0992681845001','SALVACERO CIA. LTDA.','VENEZUELA #3804 ENTR','','GUAYAS - GUAYAQUIL','VENEZUELA #3804 ENTRE LA 12 Y  CALLE','ENTREGADO','505685289-010','andec'),(770,'09.11.2023','019005-001168983','4-2465649','29.11.2023','6133582 - SALVACERO ','0992681845001','SALVACERO CIA. LTDA.','VENEZUELA #3804 ENTR','','GUAYAS - GUAYAQUIL','VENEZUELA #3804 ENTRE LA 12 Y  CALLE','ENTREGADO','505685289-020','andec'),(771,'09.11.2023','019005-001168983','4-2465649','29.11.2023','6133582 - SALVACERO ','0992681845001','SALVACERO CIA. LTDA.','VENEZUELA #3804 ENTR','','GUAYAS - GUAYAQUIL','VENEZUELA #3804 ENTRE LA 12 Y  CALLE','ENTREGADO','505685289-050','andec'),(772,'09.11.2023','019005-001168983','4-2465649','29.11.2023','6133582 - SALVACERO ','0992681845001','SALVACERO CIA. LTDA.','VENEZUELA #3804 ENTR','','GUAYAS - GUAYAQUIL','VENEZUELA #3804 ENTRE LA 12 Y  CALLE','ENTREGADO','505685289-040','andec'),(773,'09.11.2023','019005-001168983','4-2465649','29.11.2023','6133582 - SALVACERO ','0992681845001','SALVACERO CIA. LTDA.','VENEZUELA #3804 ENTR','','GUAYAS - GUAYAQUIL','VENEZUELA #3804 ENTRE LA 12 Y  CALLE','ENTREGADO','505685289-030','andec');
/*!40000 ALTER TABLE `guias` ENABLE KEYS */;
UNLOCK TABLES;

--
-- Table structure for table `guias_detalle`
--

DROP TABLE IF EXISTS `guias_detalle`;
/*!40101 SET @saved_cs_client     = @@character_set_client */;
/*!40101 SET character_set_client = utf8 */;
CREATE TABLE `guias_detalle` (
  `ID` int(11) NOT NULL AUTO_INCREMENT,
  `PEDIDO_INTERNO` varchar(20) DEFAULT NULL,
  `ORD` varchar(20) DEFAULT NULL,
  `CODIGO` varchar(50) DEFAULT NULL,
  `DESCRIPCION` varchar(500) DEFAULT NULL,
  `UNIDAD` varchar(20) DEFAULT NULL,
  `POR_DESPACHAR` varchar(20) DEFAULT NULL,
  `DESPACHADA` varchar(100) DEFAULT NULL,
  `ENTREGADA` varchar(100) DEFAULT NULL,
  PRIMARY KEY (`ID`)
) ENGINE=InnoDB AUTO_INCREMENT=875 DEFAULT CHARSET=utf8mb4;
/*!40101 SET character_set_client = @saved_cs_client */;

--
-- Dumping data for table `guias_detalle`
--

LOCK TABLES `guias_detalle` WRITE;
/*!40000 ALTER TABLE `guias_detalle` DISABLE KEYS */;
INSERT INTO `guias_detalle` VALUES (810,'505695873','01','10016416','Cemento Holcim Fuerte Tipo GU 50Kg - GU','SAC','320.00','',''),(811,'505695444','01','10016416','Cemento Holcim Fuerte Tipo GU 50Kg - GU','SAC','360.00','',''),(812,'505695443','01','10016416','Cemento Holcim Fuerte Tipo GU 50Kg - GU','SAC','360.00','',''),(813,'505695272','01','10016416','Cemento Holcim Fuerte Tipo GU 50Kg - GU','SAC','400.00','',''),(814,'505695271','01','10016416','Cemento Holcim Fuerte Tipo GU 50Kg - GU','SAC','400.00','',''),(815,'505695270','01','10016416','Cemento Holcim Fuerte Tipo GU 50Kg - GU','SAC','400.00','',''),(816,'505695269','01','10016416','Cemento Holcim Fuerte Tipo GU 50Kg - GU','SAC','400.00','',''),(817,'505695268','01','10016416','Cemento Holcim Fuerte Tipo GU 50Kg - GU','SAC','400.00','',''),(818,'505695267','01','10016416','Cemento Holcim Fuerte Tipo GU 50Kg - GU','SAC','400.00','',''),(819,'505695266','01','10016416','Cemento Holcim Fuerte Tipo GU 50Kg - GU','SAC','400.00','',''),(820,'505695265','01','10016416','Cemento Holcim Fuerte Tipo GU 50Kg - GU','SAC','400.00','',''),(821,'505695264','01','10016416','Cemento Holcim Fuerte Tipo GU 50Kg - GU','SAC','400.00','',''),(822,'505694767','01','10016416','Cemento Holcim Fuerte Tipo GU 50Kg - GU','SAC','320.00','',''),(823,'505692866','01','10016416','Cemento Holcim Fuerte Tipo GU 50Kg - GU','SAC','360.00','',''),(824,'505691868','01','10016416','Cemento Holcim Fuerte Tipo GU 50Kg - GU','SAC','200.00','',''),(825,'505685219','01','10016416','Cemento Holcim Fuerte Tipo GU 50Kg - GU','SAC','320.00','',''),(826,'505682533','01','10016416','Cemento Holcim Fuerte Tipo GU 50Kg - GU','SAC','360.00','',''),(827,'505679155','01','10016416','Cemento Holcim Fuerte Tipo GU 50Kg - GU','SAC','360.00','',''),(828,'505679052','01','10016416','Cemento Holcim Fuerte Tipo GU 50Kg - GU','SAC','400.00','',''),(829,'505679051','01','10016416','Cemento Holcim Fuerte Tipo GU 50Kg - GU','SAC','400.00','',''),(830,'505679050','01','10016416','Cemento Holcim Fuerte Tipo GU 50Kg - GU','SAC','400.00','',''),(831,'505679049','01','10016416','Cemento Holcim Fuerte Tipo GU 50Kg - GU','SAC','400.00','',''),(832,'505679048','01','10016416','Cemento Holcim Fuerte Tipo GU 50Kg - GU','SAC','400.00','',''),(833,'505674964','01','10016416','Cemento Holcim Fuerte Tipo GU 50Kg - GU','SAC','320.00','',''),(834,'505674963','01','10016416','Cemento Holcim Fuerte Tipo GU 50Kg - GU','SAC','320.00','',''),(835,'505674808','01','10016416','Cemento Holcim Fuerte Tipo GU 50Kg - GU','SAC','360.00','',''),(836,'505674807','01','10016416','Cemento Holcim Fuerte Tipo GU 50Kg - GU','SAC','360.00','',''),(837,'505673643','01','10016416','Cemento Holcim Fuerte Tipo GU 50Kg - GU','SAC','320.00','',''),(838,'505670631','01','10016416','Cemento Holcim Fuerte Tipo GU 50Kg - GU','SAC','200.00','',''),(839,'505669815','01','10016416','Cemento Holcim Fuerte Tipo GU 50Kg - GU','SAC','360.00','',''),(840,'505669814','01','10016416','Cemento Holcim Fuerte Tipo GU 50Kg - GU','SAC','360.00','',''),(841,'505670504','01','10016416','Cemento Holcim Fuerte Tipo GU 50Kg - GU','SAC','320.00','',''),(842,'505666024','01','91025245','Groutex Rustico Terracota 2Kg','UN','35.00','',''),(843,'505666024','02','91025242','Groutex Rustico Sahara 2Kg','UN','15.00','',''),(844,'505667805','01','91010981','Bondex Standard Ceramica 25Kg','SAC','320.00','',''),(845,'505667805','02','91010991','Enlumax Capa Gruesa 40Kg','SAC','40.00','',''),(846,'505667805','03','91028947','Elastocoat Acrilico Gris 26.8Kg FB','UN','2.00','',''),(847,'505667805','04','91025087','Groutex Fino Blanco 2Kg','UN','30.00','',''),(848,'505667805','05','91025182','Groutex Fino Grafito 2Kg','UN','10.00','',''),(849,'505667805','06','91024968','Groutex Fino Gris Claro 2Kg','UN','10.00','',''),(850,'505667805','07','91025708','Groutex Fino Negro Intenso 2Kg','UN','20.00','',''),(851,'505667805','08','91025706','Groutex Fino Gris Pizarra 2Kg','UN','10.00','',''),(852,'505665182','01','10016416','Cemento Holcim Fuerte Tipo GU 50Kg - GU','SAC','320.00','',''),(853,'505665181','01','10016416','Cemento Holcim Fuerte Tipo GU 50Kg - GU','SAC','320.00','',''),(854,'505695263','01','10016416','Cemento Holcim Fuerte Tipo GU 50Kg - GU','SAC','400.00','',''),(855,'505663722','01','10016416','Cemento Holcim Fuerte Tipo GU 50Kg - GU','SAC','200.00','',''),(856,'505672814-020','020','91001874','Varilla Corrugada 12mm x 12m ANDEC','UN','230.00','',''),(857,'505672814-010','010','91001871','Varilla Corrugada 10mm x 12m ANDEC','UN','330.00','',''),(858,'505682540-120','120','10016416','Cemento Holcim Fuerte Tipo GU 50Kg','SAC','360.00','',''),(859,'505682540-020','020','10016416','Cemento Holcim Fuerte Tipo GU 50Kg','SAC','400.00','',''),(860,'505682540-070','070','10016416','Cemento Holcim Fuerte Tipo GU 50Kg','SAC','400.00','',''),(861,'505682540-010','010','10016416','Cemento Holcim Fuerte Tipo GU 50Kg','SAC','400.00','',''),(862,'505682540-110','110','10016416','Cemento Holcim Fuerte Tipo GU 50Kg','SAC','360.00','',''),(863,'505682540-100','100','10016416','Cemento Holcim Fuerte Tipo GU 50Kg','SAC','360.00','',''),(864,'505682540-090','090','10016416','Cemento Holcim Fuerte Tipo GU 50Kg','SAC','360.00','',''),(865,'505682540-080','080','10016416','Cemento Holcim Fuerte Tipo GU 50Kg','SAC','400.00','',''),(866,'505682540-060','060','10016416','Cemento Holcim Fuerte Tipo GU 50Kg','SAC','400.00','',''),(867,'505682540-050','050','10016416','Cemento Holcim Fuerte Tipo GU 50Kg','SAC','400.00','',''),(868,'505682540-040','040','10016416','Cemento Holcim Fuerte Tipo GU 50Kg','SAC','400.00','',''),(869,'505682540-030','030','10016416','Cemento Holcim Fuerte Tipo GU 50Kg','SAC','400.00','',''),(870,'505685289-010','010','91001868','Varilla Corrugada 08mm x 12m ANDEC','UN','1,000.00','',''),(871,'505685289-020','020','91001871','Varilla Corrugada 10mm x 12m ANDEC','UN','660.00','',''),(872,'505685289-050','050','91001883','Varilla Corrugada 18mm x 12m ANDEC','UN','30.00','',''),(873,'505685289-040','040','91001880','Varilla Corrugada 16mm x 12m ANDEC','UN','50.00','',''),(874,'505685289-030','030','91001874','Varilla Corrugada 12mm x 12m ANDEC','UN','920.00','','');
/*!40000 ALTER TABLE `guias_detalle` ENABLE KEYS */;
UNLOCK TABLES;

--
-- Table structure for table `sis_menu`
--

DROP TABLE IF EXISTS `sis_menu`;
/*!40101 SET @saved_cs_client     = @@character_set_client */;
/*!40101 SET character_set_client = utf8 */;
CREATE TABLE `sis_menu` (
  `menu_ID` int(11) NOT NULL AUTO_INCREMENT,
  `Nombre` varchar(50) DEFAULT NULL,
  `ruta` varchar(500) DEFAULT NULL,
  `icono` varchar(50) DEFAULT NULL,
  `vista` varchar(1000) DEFAULT NULL,
  `variable` varchar(100) DEFAULT NULL,
  PRIMARY KEY (`menu_ID`)
) ENGINE=InnoDB AUTO_INCREMENT=7 DEFAULT CHARSET=utf8mb4;
/*!40101 SET character_set_client = @saved_cs_client */;

--
-- Dumping data for table `sis_menu`
--

LOCK TABLES `sis_menu` WRITE;
/*!40000 ALTER TABLE `sis_menu` DISABLE KEYS */;
INSERT INTO `sis_menu` VALUES (1,'Dashboard','dashboard','cilSpeedometer','dashboard/Dashboard','dashboard'),(2,'Despacho','despacho','cilNotes',NULL,NULL),(3,'Mantenimiento','mantenimiento','cilPuzzle',NULL,NULL),(4,'Facturas','Facuras','cilPuzzle','facturas/Facturas','facturas'),(5,'Desarrollo','desarrollo','cilPuzzle',NULL,''),(6,'Reportes','reportes','cilPuzzle',NULL,NULL);
/*!40000 ALTER TABLE `sis_menu` ENABLE KEYS */;
UNLOCK TABLES;

--
-- Table structure for table `sis_parametros`
--

DROP TABLE IF EXISTS `sis_parametros`;
/*!40101 SET @saved_cs_client     = @@character_set_client */;
/*!40101 SET character_set_client = utf8 */;
CREATE TABLE `sis_parametros` (
  `ID` int(11) NOT NULL AUTO_INCREMENT,
  `parametro_nombre` varchar(50) DEFAULT NULL,
  `paramentro_valor` float DEFAULT NULL,
  PRIMARY KEY (`ID`)
) ENGINE=InnoDB AUTO_INCREMENT=2 DEFAULT CHARSET=utf8mb4;
/*!40101 SET character_set_client = @saved_cs_client */;

--
-- Dumping data for table `sis_parametros`
--

LOCK TABLES `sis_parametros` WRITE;
/*!40000 ALTER TABLE `sis_parametros` DISABLE KEYS */;
INSERT INTO `sis_parametros` VALUES (1,'IVA',12);
/*!40000 ALTER TABLE `sis_parametros` ENABLE KEYS */;
UNLOCK TABLES;

--
-- Table structure for table `sis_submenu`
--

DROP TABLE IF EXISTS `sis_submenu`;
/*!40101 SET @saved_cs_client     = @@character_set_client */;
/*!40101 SET character_set_client = utf8 */;
CREATE TABLE `sis_submenu` (
  `submenu_ID` int(11) NOT NULL AUTO_INCREMENT,
  `padre_id` int(11) DEFAULT NULL,
  `sub_nombre` varchar(200) DEFAULT NULL,
  `ruta` varchar(500) DEFAULT NULL,
  `icono` varchar(50) DEFAULT NULL,
  `vista` varchar(1000) DEFAULT NULL,
  `variable` varchar(100) DEFAULT NULL,
  PRIMARY KEY (`submenu_ID`)
) ENGINE=InnoDB AUTO_INCREMENT=8 DEFAULT CHARSET=utf8mb4;
/*!40101 SET character_set_client = @saved_cs_client */;

--
-- Dumping data for table `sis_submenu`
--

LOCK TABLES `sis_submenu` WRITE;
/*!40000 ALTER TABLE `sis_submenu` DISABLE KEYS */;
INSERT INTO `sis_submenu` VALUES (1,2,'Ingresar Guia','despacho/guias',NULL,'despacho/guias/Guias','guias'),(2,2,'Administrar Guias','despacho/administrar',NULL,'despacho/administrar/Administrar','administracion'),(3,3,'Usuarios','mantenimiento/usuarios',NULL,'mantenimiento/usuarios/Usuarios','usuarios'),(4,3,'Clientes','mantenimiento/clientes',NULL,'mantenimiento/clientes/Clientes','clientes'),(5,5,'Scrapys','desarrollo/scrapy',NULL,'desarrollo/scrapy/Scrapy','scrapy'),(6,3,'Choferes','mantenimiento/choferes',NULL,'mantenimiento/choferes/Choferes','choferes'),(7,6,'Reportes guias','reportes/guias',NULL,'reportes/guias/Guias','reportes_guias');
/*!40000 ALTER TABLE `sis_submenu` ENABLE KEYS */;
UNLOCK TABLES;

--
-- Table structure for table `sis_sucursales`
--

DROP TABLE IF EXISTS `sis_sucursales`;
/*!40101 SET @saved_cs_client     = @@character_set_client */;
/*!40101 SET character_set_client = utf8 */;
CREATE TABLE `sis_sucursales` (
  `ID` int(11) NOT NULL AUTO_INCREMENT,
  `Nombre` varchar(100) DEFAULT NULL,
  `Estado` int(11) DEFAULT 1,
  `fecha_creado` datetime NOT NULL DEFAULT current_timestamp(),
  `creado_por` varchar(20) DEFAULT NULL,
  PRIMARY KEY (`ID`)
) ENGINE=InnoDB AUTO_INCREMENT=2 DEFAULT CHARSET=utf8mb4;
/*!40101 SET character_set_client = @saved_cs_client */;

--
-- Dumping data for table `sis_sucursales`
--

LOCK TABLES `sis_sucursales` WRITE;
/*!40000 ALTER TABLE `sis_sucursales` DISABLE KEYS */;
INSERT INTO `sis_sucursales` VALUES (1,'GUAYAQUIL',1,'2023-10-11 23:32:49','JALVARADO');
/*!40000 ALTER TABLE `sis_sucursales` ENABLE KEYS */;
UNLOCK TABLES;

--
-- Table structure for table `sis_usuario_accesos`
--

DROP TABLE IF EXISTS `sis_usuario_accesos`;
/*!40101 SET @saved_cs_client     = @@character_set_client */;
/*!40101 SET character_set_client = utf8 */;
CREATE TABLE `sis_usuario_accesos` (
  `usuario_ID` int(11) DEFAULT NULL,
  `menu_ID` int(11) DEFAULT NULL,
  `submenu_ID` int(11) DEFAULT NULL
) ENGINE=InnoDB DEFAULT CHARSET=utf8mb4;
/*!40101 SET character_set_client = @saved_cs_client */;

--
-- Dumping data for table `sis_usuario_accesos`
--

LOCK TABLES `sis_usuario_accesos` WRITE;
/*!40000 ALTER TABLE `sis_usuario_accesos` DISABLE KEYS */;
INSERT INTO `sis_usuario_accesos` VALUES (1,1,NULL),(1,2,NULL),(1,2,1),(1,2,2),(1,3,NULL),(1,3,3),(1,3,4),(1,3,6),(1,5,NULL),(1,5,5),(6,1,NULL),(6,2,NULL),(6,2,2),(6,3,NULL),(6,3,3),(6,3,4),(6,3,6);
/*!40000 ALTER TABLE `sis_usuario_accesos` ENABLE KEYS */;
UNLOCK TABLES;

--
-- Table structure for table `us_choferes`
--

DROP TABLE IF EXISTS `us_choferes`;
/*!40101 SET @saved_cs_client     = @@character_set_client */;
/*!40101 SET character_set_client = utf8 */;
CREATE TABLE `us_choferes` (
  `ID` int(11) NOT NULL AUTO_INCREMENT,
  `usuario_id` int(11) DEFAULT NULL,
  `PLACA` varchar(10) DEFAULT NULL,
  `ESTADO` int(11) DEFAULT 1,
  `FECHA_CREADO` datetime NOT NULL DEFAULT current_timestamp(),
  `CREADO_POR` varchar(20) DEFAULT NULL,
  PRIMARY KEY (`ID`)
) ENGINE=InnoDB AUTO_INCREMENT=13 DEFAULT CHARSET=utf8mb4;
/*!40101 SET character_set_client = @saved_cs_client */;

--
-- Dumping data for table `us_choferes`
--

LOCK TABLES `us_choferes` WRITE;
/*!40000 ALTER TABLE `us_choferes` DISABLE KEYS */;
INSERT INTO `us_choferes` VALUES (6,7,'GBO-4396',1,'2023-10-31 11:53:58','JALVARADO'),(7,8,'GBO-7782',1,'2023-10-31 11:54:05','JALVARADO'),(8,9,'GBO-7758',1,'2023-10-31 11:54:50','JALVARADO'),(9,10,'KAB-0938',1,'2023-10-31 11:54:58','JALVARADO'),(10,11,'JBA-2916',1,'2023-10-31 11:55:10','JALVARADO'),(11,12,'GSY-4052',1,'2023-10-31 11:55:19','JALVARADO'),(12,13,'GBN-6978',1,'2023-10-31 13:54:00','JALVARADO');
/*!40000 ALTER TABLE `us_choferes` ENABLE KEYS */;
UNLOCK TABLES;

--
-- Table structure for table `us_departamentos`
--

DROP TABLE IF EXISTS `us_departamentos`;
/*!40101 SET @saved_cs_client     = @@character_set_client */;
/*!40101 SET character_set_client = utf8 */;
CREATE TABLE `us_departamentos` (
  `ID` int(11) NOT NULL AUTO_INCREMENT,
  `nombre` varchar(20) DEFAULT NULL,
  `fecha_creado` datetime NOT NULL DEFAULT current_timestamp(),
  `creado_por` varchar(20) DEFAULT NULL,
  `estado` int(11) DEFAULT 1,
  PRIMARY KEY (`ID`)
) ENGINE=InnoDB AUTO_INCREMENT=3 DEFAULT CHARSET=utf8mb4;
/*!40101 SET character_set_client = @saved_cs_client */;

--
-- Dumping data for table `us_departamentos`
--

LOCK TABLES `us_departamentos` WRITE;
/*!40000 ALTER TABLE `us_departamentos` DISABLE KEYS */;
INSERT INTO `us_departamentos` VALUES (1,'DEPARTAMENTO 1','2023-10-11 22:59:06','JALVARADO',1),(2,'SISTEMAS','2023-10-11 22:59:17','JALVARADO',1);
/*!40000 ALTER TABLE `us_departamentos` ENABLE KEYS */;
UNLOCK TABLES;

--
-- Table structure for table `us_usuarios`
--

DROP TABLE IF EXISTS `us_usuarios`;
/*!40101 SET @saved_cs_client     = @@character_set_client */;
/*!40101 SET character_set_client = utf8 */;
CREATE TABLE `us_usuarios` (
  `Usuario_ID` int(11) NOT NULL AUTO_INCREMENT,
  `Usuario` varchar(20) DEFAULT NULL,
  `Nombre` varchar(100) DEFAULT NULL,
  `password` varchar(500) DEFAULT NULL,
  `email` varchar(200) DEFAULT NULL,
  `departamento_id` int(11) DEFAULT NULL,
  `sucursal_id` int(11) DEFAULT NULL,
  `fecha_creado` datetime NOT NULL DEFAULT current_timestamp(),
  `Estado` int(11) DEFAULT 1,
  `fecha_actualizado` datetime DEFAULT NULL ON UPDATE current_timestamp(),
  `actualizado_por` varchar(20) DEFAULT NULL,
  `fecha_desactivado` datetime DEFAULT NULL ON UPDATE current_timestamp(),
  `desactivado_por` varchar(20) DEFAULT NULL,
  PRIMARY KEY (`Usuario_ID`)
) ENGINE=InnoDB AUTO_INCREMENT=14 DEFAULT CHARSET=utf8mb4;
/*!40101 SET character_set_client = @saved_cs_client */;

--
-- Dumping data for table `us_usuarios`
--

LOCK TABLES `us_usuarios` WRITE;
/*!40000 ALTER TABLE `us_usuarios` DISABLE KEYS */;
INSERT INTO `us_usuarios` VALUES (1,'JALVARADO','JORGE ALVARADO','5994471abb01112afcc18159f6cc74b4f511b99806da59b3caf5a9c173cacfc5','jalvaradoe3@gmail.com',2,1,'2023-10-11 23:10:55',1,'2023-10-29 14:40:31',NULL,'2023-10-29 14:40:31',NULL),(6,'prueba','prueba','5994471abb01112afcc18159f6cc74b4f511b99806da59b3caf5a9c173cacfc5','prueba',2,1,'2023-10-19 20:36:15',1,NULL,NULL,NULL,NULL),(7,'chofer1','chofer1','5994471abb01112afcc18159f6cc74b4f511b99806da59b3caf5a9c173cacfc5','',1,1,'2023-10-31 11:44:47',1,NULL,NULL,NULL,NULL),(8,'chofer2','chofer2','5994471abb01112afcc18159f6cc74b4f511b99806da59b3caf5a9c173cacfc5','',1,1,'2023-10-31 11:50:24',1,NULL,NULL,NULL,NULL),(9,'chofer3','chofer3','5994471abb01112afcc18159f6cc74b4f511b99806da59b3caf5a9c173cacfc5','',1,1,'2023-10-31 11:50:37',1,'2023-10-31 11:54:25',NULL,'2023-10-31 11:54:25',NULL),(10,'chofer4','chofer4','5994471abb01112afcc18159f6cc74b4f511b99806da59b3caf5a9c173cacfc5','',1,1,'2023-10-31 11:52:23',1,NULL,NULL,NULL,NULL),(11,'chofer5','chofer5','5994471abb01112afcc18159f6cc74b4f511b99806da59b3caf5a9c173cacfc5','',1,1,'2023-10-31 11:52:34',1,NULL,NULL,NULL,NULL),(12,'chofer6','chofer6','5994471abb01112afcc18159f6cc74b4f511b99806da59b3caf5a9c173cacfc5','',1,1,'2023-10-31 11:52:52',1,'2023-10-31 13:50:24',NULL,'2023-10-31 13:50:24',NULL),(13,'chofer7','chofer7','5994471abb01112afcc18159f6cc74b4f511b99806da59b3caf5a9c173cacfc5','',1,1,'2023-10-31 13:52:16',1,NULL,NULL,NULL,NULL);
/*!40000 ALTER TABLE `us_usuarios` ENABLE KEYS */;
UNLOCK TABLES;

--
-- Table structure for table `us_usuarios_accesos`
--

DROP TABLE IF EXISTS `us_usuarios_accesos`;
/*!40101 SET @saved_cs_client     = @@character_set_client */;
/*!40101 SET character_set_client = utf8 */;
CREATE TABLE `us_usuarios_accesos` (
  `usuario_ID` int(11) DEFAULT NULL,
  `menu_ID` int(11) DEFAULT NULL,
  `submenu_ID` int(11) DEFAULT NULL
) ENGINE=InnoDB DEFAULT CHARSET=utf8mb4;
/*!40101 SET character_set_client = @saved_cs_client */;

--
-- Dumping data for table `us_usuarios_accesos`
--

LOCK TABLES `us_usuarios_accesos` WRITE;
/*!40000 ALTER TABLE `us_usuarios_accesos` DISABLE KEYS */;
INSERT INTO `us_usuarios_accesos` VALUES (6,1,NULL),(6,2,NULL),(6,2,1),(6,2,2),(6,3,NULL),(6,3,3),(6,3,4),(6,3,6),(6,5,NULL),(6,5,5),(1,1,NULL),(1,3,NULL),(1,3,3),(1,3,4),(1,3,6),(1,2,NULL),(1,2,1),(1,2,2),(1,5,NULL),(1,5,5),(1,6,NULL),(1,6,7);
/*!40000 ALTER TABLE `us_usuarios_accesos` ENABLE KEYS */;
UNLOCK TABLES;

--
-- Dumping routines for database 'svsys'
--
/*!50003 DROP PROCEDURE IF EXISTS `GUI_GUIAS_DESPACHO_INSERT` */;
/*!50003 SET @saved_cs_client      = @@character_set_client */ ;
/*!50003 SET @saved_cs_results     = @@character_set_results */ ;
/*!50003 SET @saved_col_connection = @@collation_connection */ ;
/*!50003 SET character_set_client  = utf8mb4 */ ;
/*!50003 SET character_set_results = utf8mb4 */ ;
/*!50003 SET collation_connection  = utf8mb4_general_ci */ ;
/*!50003 SET @saved_sql_mode       = @@sql_mode */ ;
/*!50003 SET sql_mode              = 'STRICT_TRANS_TABLES,NO_ZERO_IN_DATE,NO_ZERO_DATE,NO_ENGINE_SUBSTITUTION' */ ;
DELIMITER ;;
CREATE DEFINER=`root`@`localhost` PROCEDURE `GUI_GUIAS_DESPACHO_INSERT`(
in PEDIDO_INTERNO varchar(20),
in CLIENTE_ENTREGA_ID int,
in SERVICIO_ID int,
in DESTINO_ID int,
in CREADO_POR int,
in ESTADO int,
in ESTADO_DESPACHO bit,
in PARCIAL bit,
in PLACA_CAMBIADA bit,
in PLACA_CAMBIADA_NUMERO  varchar(20)
)
begin
	
	INSERT INTO svsys.gui_guias_despachadas
(
	PEDIDO_INTERNO,
	CLIENTE_ENTREGA_ID,
	SERVICIO_ID,
	DESTINO_ID,
	CREADO_POR,
	ESTADO,
	ESTADO_DESPACHO,
	PARCIAL,
	PLACA_CAMBIADA,
	PLACA_CAMBIADA_NUMERO
	
) values
(
	PEDIDO_INTERNO,
	CLIENTE_ENTREGA_ID,
	SERVICIO_ID,
	DESTINO_ID,
	CREADO_POR,
	ESTADO,
	ESTADO_DESPACHO,
	PARCIAL,
	PLACA_CAMBIADA,
	PLACA_CAMBIADA_NUMERO
);

END ;;
DELIMITER ;
/*!50003 SET sql_mode              = @saved_sql_mode */ ;
/*!50003 SET character_set_client  = @saved_cs_client */ ;
/*!50003 SET character_set_results = @saved_cs_results */ ;
/*!50003 SET collation_connection  = @saved_col_connection */ ;
/*!40103 SET TIME_ZONE=@OLD_TIME_ZONE */;

/*!40101 SET SQL_MODE=@OLD_SQL_MODE */;
/*!40014 SET FOREIGN_KEY_CHECKS=@OLD_FOREIGN_KEY_CHECKS */;
/*!40014 SET UNIQUE_CHECKS=@OLD_UNIQUE_CHECKS */;
/*!40101 SET CHARACTER_SET_CLIENT=@OLD_CHARACTER_SET_CLIENT */;
/*!40101 SET CHARACTER_SET_RESULTS=@OLD_CHARACTER_SET_RESULTS */;
/*!40101 SET COLLATION_CONNECTION=@OLD_COLLATION_CONNECTION */;
/*!40111 SET SQL_NOTES=@OLD_SQL_NOTES */;

-- Dump completed on 2023-11-13 17:50:56
